Scope,Mode,QQQ beta,QQQ band,SPY beta,SPY band,Name,Base CAGR,CAGR,CAGR Loss,Base Sharpe,Sharpe,Sharpe Loss,Base Max Drawdown,Max Drawdown,Max Drawdown Improvement,Turnover,Trade Count,Final Equity,Pass Sharpe,Pass CAGR,Candidate
SPY,,,,0.05,0.15,SPY beta=0.05 band=0.15,0.07173089935570154,0.0701252289122054,0.0016056704434961322,0.7488160994373855,0.748017423503623,0.0007986759337624827,-0.1551843666002508,-0.1506542779492731,0.004530088650977704,24.510996588494663,220,344378.03137197316,True,True,True
Portfolio,equal_weight_full_capital,0.0,0.1,0.1,0.15,Portfolio equal_weight_full_capital qqq=0.00/0.10 spy=0.10/0.15,0.09000048081758605,0.08834896813290594,0.001651512684680112,0.8692790127340394,0.8683075679260395,0.0009714448079999327,-0.17842778244744828,-0.17404619716731706,0.004381585280131217,33.072336657909965,220,468637.0741746587,True,True,True
Portfolio,equal_weight_full_capital,0.0,0.12,0.1,0.15,Portfolio equal_weight_full_capital qqq=0.00/0.12 spy=0.10/0.15,0.09000048081758605,0.08834896813290594,0.001651512684680112,0.8692790127340394,0.8683075679260395,0.0009714448079999327,-0.17842778244744828,-0.17404619716731706,0.004381585280131217,33.072336657909965,220,468637.0741746587,True,True,True
Portfolio,equal_weight_full_capital,0.0,0.15,0.1,0.15,Portfolio equal_weight_full_capital qqq=0.00/0.15 spy=0.10/0.15,0.09000048081758605,0.08834896813290594,0.001651512684680112,0.8692790127340394,0.8683075679260395,0.0009714448079999327,-0.17842778244744828,-0.17404619716731706,0.004381585280131217,33.072336657909965,220,468637.0741746587,True,True,True
Portfolio,equal_weight_full_capital,0.0,0.2,0.1,0.15,Portfolio equal_weight_full_capital qqq=0.00/0.20 spy=0.10/0.15,0.09000048081758605,0.08834896813290594,0.001651512684680112,0.8692790127340394,0.8683075679260395,0.0009714448079999327,-0.17842778244744828,-0.17404619716731706,0.004381585280131217,33.072336657909965,220,468637.0741746587,True,True,True
SPY,,,,0.05,0.12,SPY beta=0.05 band=0.12,0.07173089935570154,0.07003950815995541,0.001691391195746128,0.7488160994373855,0.7473197026034363,0.0014963968339491984,-0.1551843666002508,-0.15083687588746142,0.0043474907127893925,24.433904801411128,220,343875.0734702523,True,True,True
Portfolio,equal_weight_full_capital,0.0,0.1,0.1,0.12,Portfolio equal_weight_full_capital qqq=0.00/0.10 spy=0.10/0.12,0.09000048081758605,0.08826173588529906,0.0017387449322869841,0.8692790127340394,0.867657264108082,0.001621748625957431,-0.17842778244744828,-0.17422070267795609,0.004207079769492195,33.025645151461866,220,467952.2324952684,True,True,True
Portfolio,equal_weight_full_capital,0.0,0.12,0.1,0.12,Portfolio equal_weight_full_capital qqq=0.00/0.12 spy=0.10/0.12,0.09000048081758605,0.08826173588529906,0.0017387449322869841,0.8692790127340394,0.867657264108082,0.001621748625957431,-0.17842778244744828,-0.17422070267795609,0.004207079769492195,33.025645151461866,220,467952.2324952684,True,True,True
Portfolio,equal_weight_full_capital,0.0,0.15,0.1,0.12,Portfolio equal_weight_full_capital qqq=0.00/0.15 spy=0.10/0.12,0.09000048081758605,0.08826173588529906,0.0017387449322869841,0.8692790127340394,0.867657264108082,0.001621748625957431,-0.17842778244744828,-0.17422070267795609,0.004207079769492195,33.025645151461866,220,467952.2324952684,True,True,True
Portfolio,equal_weight_full_capital,0.0,0.2,0.1,0.12,Portfolio equal_weight_full_capital qqq=0.00/0.20 spy=0.10/0.12,0.09000048081758605,0.08826173588529906,0.0017387449322869841,0.8692790127340394,0.867657264108082,0.001621748625957431,-0.17842778244744828,-0.17422070267795609,0.004207079769492195,33.025645151461866,220,467952.2324952684,True,True,True
SPY,,,,0.05,0.1,SPY beta=0.05 band=0.10,0.07173089935570154,0.06996485172504507,0.0017660476306564643,0.7488160994373855,0.7466731102064043,0.002142989230981218,-0.1551843666002508,-0.15097755049684003,0.004206816103410782,24.374655040743516,220,343437.6000754137,True,True,True
Portfolio,config_weights,0.0,0.1,0.2,0.15,Portfolio config_weights qqq=0.00/0.10 spy=0.20/0.15,0.038791362946228425,0.037343971519649966,0.0014473914265784593,0.8692790127340393,0.865152871336016,0.004126141398023253,-0.07901604652486238,-0.07484591528150586,0.004170131243356523,13.393050225606249,220,195214.4024041557,True,True,True
Portfolio,config_weights,0.0,0.12,0.2,0.15,Portfolio config_weights qqq=0.00/0.12 spy=0.20/0.15,0.038791362946228425,0.037343971519649966,0.0014473914265784593,0.8692790127340393,0.865152871336016,0.004126141398023253,-0.07901604652486238,-0.07484591528150586,0.004170131243356523,13.393050225606249,220,195214.4024041557,True,True,True
Portfolio,config_weights,0.0,0.15,0.2,0.15,Portfolio config_weights qqq=0.00/0.15 spy=0.20/0.15,0.038791362946228425,0.037343971519649966,0.0014473914265784593,0.8692790127340393,0.865152871336016,0.004126141398023253,-0.07901604652486238,-0.07484591528150586,0.004170131243356523,13.393050225606249,220,195214.4024041557,True,True,True
Portfolio,config_weights,0.0,0.2,0.2,0.15,Portfolio config_weights qqq=0.00/0.20 spy=0.20/0.15,0.038791362946228425,0.037343971519649966,0.0014473914265784593,0.8692790127340393,0.865152871336016,0.004126141398023253,-0.07901604652486238,-0.07484591528150586,0.004170131243356523,13.393050225606249,220,195214.4024041557,True,True,True
Portfolio,equal_weight_full_capital,0.0,0.1,0.1,0.1,Portfolio equal_weight_full_capital qqq=0.00/0.10 spy=0.10/0.10,0.09000048081758605,0.08818588568505747,0.0018145951325285736,0.8692790127340394,0.867060619605212,0.002218393128827434,-0.17842778244744828,-0.17435447727782516,0.00407330516962312,32.99546343133992,220,467357.51778768655,True,True,True
Portfolio,equal_weight_full_capital,0.0,0.12,0.1,0.1,Portfolio equal_weight_full_capital qqq=0.00/0.12 spy=0.10/0.10,0.09000048081758605,0.08818588568505747,0.0018145951325285736,0.8692790127340394,0.867060619605212,0.002218393128827434,-0.17842778244744828,-0.17435447727782516,0.00407330516962312,32.99546343133992,220,467357.51778768655,True,True,True
Portfolio,equal_weight_full_capital,0.0,0.15,0.1,0.1,Portfolio equal_weight_full_capital qqq=0.00/0.15 spy=0.10/0.10,0.09000048081758605,0.08818588568505747,0.0018145951325285736,0.8692790127340394,0.867060619605212,0.002218393128827434,-0.17842778244744828,-0.17435447727782516,0.00407330516962312,32.99546343133992,220,467357.51778768655,True,True,True
Portfolio,equal_weight_full_capital,0.0,0.2,0.1,0.1,Portfolio equal_weight_full_capital qqq=0.00/0.20 spy=0.10/0.10,0.09000048081758605,0.08818588568505747,0.0018145951325285736,0.8692790127340394,0.867060619605212,0.002218393128827434,-0.17842778244744828,-0.17435447727782516,0.00407330516962312,32.99546343133992,220,467357.51778768655,True,True,True
SPY,,,,0.05,0.08,SPY beta=0.05 band=0.08,0.07173089935570154,0.06987029914574605,0.0018606002099554875,0.7488160994373855,0.7458031746436962,0.003012924793689309,-0.1551843666002508,-0.1511239484648157,0.004060418135435118,24.31658588732882,219,342884.29381214455,True,True,True
Portfolio,config_weights,0.0,0.1,0.2,0.12,Portfolio config_weights qqq=0.00/0.10 spy=0.20/0.12,0.038791362946228425,0.037271681811882784,0.0015196811343456407,0.8692790127340393,0.8636374182120486,0.005641594521990645,-0.07901604652486238,-0.0750080288611582,0.0040080176637041776,13.386159642199221,220,194966.34661776686,True,True,True
Portfolio,config_weights,0.0,0.12,0.2,0.12,Portfolio config_weights qqq=0.00/0.12 spy=0.20/0.12,0.038791362946228425,0.037271681811882784,0.0015196811343456407,0.8692790127340393,0.8636374182120486,0.005641594521990645,-0.07901604652486238,-0.0750080288611582,0.0040080176637041776,13.386159642199221,220,194966.34661776686,True,True,True
Portfolio,config_weights,0.0,0.15,0.2,0.12,Portfolio config_weights qqq=0.00/0.15 spy=0.20/0.12,0.038791362946228425,0.037271681811882784,0.0015196811343456407,0.8692790127340393,0.8636374182120486,0.005641594521990645,-0.07901604652486238,-0.0750080288611582,0.0040080176637041776,13.386159642199221,220,194966.34661776686,True,True,True
Portfolio,config_weights,0.0,0.2,0.2,0.12,Portfolio config_weights qqq=0.00/0.20 spy=0.20/0.12,0.038791362946228425,0.037271681811882784,0.0015196811343456407,0.8692790127340393,0.8636374182120486,0.005641594521990645,-0.07901604652486238,-0.0750080288611582,0.0040080176637041776,13.386159642199221,220,194966.34661776686,True,True,True
Portfolio,equal_weight_full_capital,0.0,0.1,0.1,0.08,Portfolio equal_weight_full_capital qqq=0.00/0.10 spy=0.10/0.08,0.09000048081758605,0.08808996631655996,0.0019105145010260838,0.8692790127340394,0.8662639266648963,0.003015086069143136,-0.17842778244744828,-0.17449304692662215,0.003934735520826127,32.974244966063175,219,466606.47069497895,True,True,True
Portfolio,equal_weight_full_capital,0.0,0.12,0.1,0.08,Portfolio equal_weight_full_capital qqq=0.00/0.12 spy=0.10/0.08,0.09000048081758605,0.08808996631655996,0.0019105145010260838,0.8692790127340394,0.8662639266648963,0.003015086069143136,-0.17842778244744828,-0.17449304692662215,0.003934735520826127,32.974244966063175,219,466606.47069497895,True,True,True
Portfolio,equal_weight_full_capital,0.0,0.15,0.1,0.08,Portfolio equal_weight_full_capital qqq=0.00/0.15 spy=0.10/0.08,0.09000048081758605,0.08808996631655996,0.0019105145010260838,0.8692790127340394,0.8662639266648963,0.003015086069143136,-0.17842778244744828,-0.17449304692662215,0.003934735520826127,32.974244966063175,219,466606.47069497895,True,True,True
Portfolio,equal_weight_full_capital,0.0,0.2,0.1,0.08,Portfolio equal_weight_full_capital qqq=0.00/0.20 spy=0.10/0.08,0.09000048081758605,0.08808996631655996,0.0019105145010260838,0.8692790127340394,0.8662639266648963,0.003015086069143136,-0.17842778244744828,-0.17449304692662215,0.003934735520826127,32.974244966063175,219,466606.47069497895,True,True,True
Portfolio,config_weights,0.0,0.1,0.2,0.1,Portfolio config_weights qqq=0.00/0.10 spy=0.20/0.10,0.038791362946228425,0.03720909919007087,0.0015822637561575537,0.8692790127340393,0.8622759695008088,0.007003043233230533,-0.07901604652486238,-0.07513235361301329,0.0038836929118490904,13.391742052921035,220,194751.84047605167,True,True,True
Portfolio,config_weights,0.0,0.12,0.2,0.1,Portfolio config_weights qqq=0.00/0.12 spy=0.20/0.10,0.038791362946228425,0.03720909919007087,0.0015822637561575537,0.8692790127340393,0.8622759695008088,0.007003043233230533,-0.07901604652486238,-0.07513235361301329,0.0038836929118490904,13.391742052921035,220,194751.84047605167,True,True,True
Portfolio,config_weights,0.0,0.15,0.2,0.1,Portfolio config_weights qqq=0.00/0.15 spy=0.20/0.10,0.038791362946228425,0.03720909919007087,0.0015822637561575537,0.8692790127340393,0.8622759695008088,0.007003043233230533,-0.07901604652486238,-0.07513235361301329,0.0038836929118490904,13.391742052921035,220,194751.84047605167,True,True,True
Portfolio,config_weights,0.0,0.2,0.2,0.1,Portfolio config_weights qqq=0.00/0.20 spy=0.20/0.10,0.038791362946228425,0.03720909919007087,0.0015822637561575537,0.8692790127340393,0.8622759695008088,0.007003043233230533,-0.07901604652486238,-0.07513235361301329,0.0038836929118490904,13.391742052921035,220,194751.84047605167,True,True,True
Portfolio,config_weights,0.05,0.2,0.2,0.15,Portfolio config_weights qqq=0.05/0.20 spy=0.20/0.15,0.038791362946228425,0.03681848612182703,0.0019728768244013928,0.8692790127340393,0.8631247307799819,0.006154281954057428,-0.07901604652486238,-0.07516646038329056,0.0038495861415718258,12.833273603856114,220,193418.02082207237,True,True,True
Portfolio,config_weights,0.0,0.1,0.2,0.08,Portfolio config_weights qqq=0.00/0.10 spy=0.20/0.08,0.038791362946228425,0.03713032122767146,0.001661041718556966,0.8692790127340393,0.860490821608312,0.008788191125727263,-0.07901604652486238,-0.07526071687806979,0.0037553296467925934,13.409905486793587,219,194482.1408366191,True,True,True
Portfolio,config_weights,0.0,0.12,0.2,0.08,Portfolio config_weights qqq=0.00/0.12 spy=0.20/0.08,0.038791362946228425,0.03713032122767146,0.001661041718556966,0.8692790127340393,0.860490821608312,0.008788191125727263,-0.07901604652486238,-0.07526071687806979,0.0037553296467925934,13.409905486793587,219,194482.1408366191,True,True,True
Portfolio,config_weights,0.0,0.15,0.2,0.08,Portfolio config_weights qqq=0.00/0.15 spy=0.20/0.08,0.038791362946228425,0.03713032122767146,0.001661041718556966,0.8692790127340393,0.860490821608312,0.008788191125727263,-0.07901604652486238,-0.07526071687806979,0.0037553296467925934,13.409905486793587,219,194482.1408366191,True,True,True
Portfolio,config_weights,0.0,0.2,0.2,0.08,Portfolio config_weights qqq=0.00/0.20 spy=0.20/0.08,0.038791362946228425,0.03713032122767146,0.001661041718556966,0.8692790127340393,0.860490821608312,0.008788191125727263,-0.07901604652486238,-0.07526071687806979,0.0037553296467925934,13.409905486793587,219,194482.1408366191,True,True,True
Portfolio,config_weights,0.05,0.2,0.15,0.15,Portfolio config_weights qqq=0.05/0.20 spy=0.15/0.15,0.038791362946228425,0.03718329291061906,0.0016080700356093658,0.8692790127340393,0.8655076005562762,0.0037714121777631116,-0.07901604652486238,-0.07555745839114936,0.0034585881337130253,13.155278396165514,220,194663.45269230817,True,True,True
Portfolio,config_weights,0.05,0.15,0.15,0.15,Portfolio config_weights qqq=0.05/0.15 spy=0.15/0.15,0.038791362946228425,0.03715595908046332,0.001635403865765106,0.8692790127340393,0.8651626952677957,0.004116317466243635,-0.07901604652486238,-0.07570111042290872,0.0033149361019536583,13.13625461603718,220,194569.87432148133,True,True,True
Portfolio,config_weights,0.05,0.2,0.15,0.12,Portfolio config_weights qqq=0.05/0.20 spy=0.15/0.12,0.038791362946228425,0.03712909805721454,0.001662264889013887,0.8692790127340393,0.8643726993178864,0.004906313416152885,-0.07901604652486238,-0.07573321457971172,0.003282831945150666,13.135563344436054,220,194477.95604607614,True,True,True
Portfolio,config_weights,0.05,0.12,0.15,0.15,Portfolio config_weights qqq=0.05/0.12 spy=0.15/0.15,0.038791362946228425,0.037139480292140536,0.0016518826540878884,0.8692790127340393,0.8649595128226679,0.004319499911371372,-0.07901604652486238,-0.07579278375363196,0.0032232627712304174,13.122846207239842,220,194513.47913024627,True,True,True
Portfolio,config_weights,0.05,0.1,0.15,0.15,Portfolio config_weights qqq=0.05/0.10 spy=0.15/0.15,0.038791362946228425,0.03712894816976431,0.0016624147764641162,0.8692790127340393,0.8648251664570779,0.004453846276961437,-0.07901604652486238,-0.07585373604009527,0.003162310484767117,13.113016566729884,220,194477.44324720898,True,True,True
Portfolio,config_weights,0.05,0.2,0.15,0.1,Portfolio config_weights qqq=0.05/0.20 spy=0.15/0.10,0.038791362946228425,0.03708218717088774,0.0017091757753406878,0.8692790127340393,0.863355988806795,0.005923023927244309,-0.07901604652486238,-0.07586333086528252,0.0031527156595798633,13.123877989331852,220,194317.52567273093,True,True,True
Portfolio,config_weights,0.05,0.15,0.15,0.12,Portfolio config_weights qqq=0.05/0.15 spy=0.15/0.12,0.038791362946228425,0.037101754409183174,0.0016896085370452507,0.8692790127340393,0.8640224542017497,0.005256558532289568,-0.07901604652486238,-0.07587686019661932,0.00313918632824306,13.116539564307722,220,194384.42838887684,True,True,True
Portfolio,config_weights,0.0,0.1,0.15,0.15,Portfolio config_weights qqq=0.00/0.10 spy=0.15/0.15,0.038791362946228425,0.03770769603917201,0.0010836669070564131,0.8692790127340393,0.8670154216934315,0.002263591040607804,-0.07901604652486238,-0.07588400229189851,0.003132044232963871,13.715055017915653,220,196467.02409970821,True,True,True
Portfolio,config_weights,0.0,0.12,0.15,0.15,Portfolio config_weights qqq=0.00/0.12 spy=0.15/0.15,0.038791362946228425,0.03770769603917201,0.0010836669070564131,0.8692790127340393,0.8670154216934315,0.002263591040607804,-0.07901604652486238,-0.07588400229189851,0.003132044232963871,13.715055017915653,220,196467.02409970821,True,True,True
Portfolio,config_weights,0.0,0.15,0.15,0.15,Portfolio config_weights qqq=0.00/0.15 spy=0.15/0.15,0.038791362946228425,0.03770769603917201,0.0010836669070564131,0.8692790127340393,0.8670154216934315,0.002263591040607804,-0.07901604652486238,-0.07588400229189851,0.003132044232963871,13.715055017915653,220,196467.02409970821,True,True,True
Portfolio,config_weights,0.0,0.2,0.15,0.15,Portfolio config_weights qqq=0.00/0.20 spy=0.15/0.15,0.038791362946228425,0.03770769603917201,0.0010836669070564131,0.8692790127340393,0.8670154216934315,0.002263591040607804,-0.07901604652486238,-0.07588400229189851,0.003132044232963871,13.715055017915653,220,196467.02409970821,True,True,True
Portfolio,config_weights,0.05,0.12,0.15,0.12,Portfolio config_weights qqq=0.05/0.12 spy=0.15/0.12,0.038791362946228425,0.037085268264440696,0.0017060946817877287,0.8692790127340393,0.8638154061316075,0.005463606602431836,-0.07901604652486238,-0.07596852841675761,0.003047518108104774,13.103131155510379,220,194328.05885431543,True,True,True
Portfolio,config_weights,0.05,0.2,0.15,0.08,Portfolio config_weights qqq=0.05/0.20 spy=0.15/0.08,0.038791362946228425,0.037023142036964884,0.0017682209092635404,0.8692790127340393,0.8620248811996241,0.007254131534415231,-0.07901604652486238,-0.07600028676578541,0.0030157597590769747,13.123891579726978,220,194115.7752353347,True,True,True
Portfolio,config_weights,0.0,0.1,0.15,0.12,Portfolio config_weights qqq=0.00/0.10 spy=0.15/0.12,0.038791362946228425,0.03765362823208007,0.001137734714148353,0.8692790127340393,0.8659601880634917,0.00331882467054756,-0.07901604652486238,-0.07600513384778051,0.0030109126770818673,13.69533996618619,220,196280.34184021252,True,True,True
Portfolio,config_weights,0.0,0.12,0.15,0.12,Portfolio config_weights qqq=0.00/0.12 spy=0.15/0.12,0.038791362946228425,0.03765362823208007,0.001137734714148353,0.8692790127340393,0.8659601880634917,0.00331882467054756,-0.07901604652486238,-0.07600513384778051,0.0030109126770818673,13.69533996618619,220,196280.34184021252,True,True,True
Portfolio,config_weights,0.0,0.15,0.15,0.12,Portfolio config_weights qqq=0.00/0.15 spy=0.15/0.12,0.038791362946228425,0.03765362823208007,0.001137734714148353,0.8692790127340393,0.8659601880634917,0.00331882467054756,-0.07901604652486238,-0.07600513384778051,0.0030109126770818673,13.69533996618619,220,196280.34184021252,True,True,True
Portfolio,config_weights,0.0,0.2,0.15,0.12,Portfolio config_weights qqq=0.00/0.20 spy=0.15/0.12,0.038791362946228425,0.03765362823208007,0.001137734714148353,0.8692790127340393,0.8659601880634917,0.00331882467054756,-0.07901604652486238,-0.07600513384778051,0.0030109126770818673,13.69533996618619,220,196280.34184021252,True,True,True
Portfolio,config_weights,0.05,0.15,0.15,0.1,Portfolio config_weights qqq=0.05/0.15 spy=0.15/0.10,0.038791362946228425,0.037054836225788756,0.0017365267204396684,0.8692790127340393,0.8630016588941376,0.006277353839901689,-0.07901604652486238,-0.07600697187135463,0.0030090746535077484,13.10485420920352,220,194224.0460088672,True,True,True
Portfolio,config_weights,0.05,0.1,0.15,0.12,Portfolio config_weights qqq=0.05/0.10 spy=0.15/0.12,0.038791362946228425,0.03707473056458177,0.0017166323816466544,0.8692790127340393,0.8636782053958674,0.00560080733817192,-0.07901604652486238,-0.07602947666700222,0.0029865698578601663,13.093301515000425,220,194292.03637616878,True,True,True
Portfolio,config_weights,0.0,0.1,0.15,0.1,Portfolio config_weights qqq=0.00/0.10 spy=0.15/0.10,0.038791362946228425,0.03760680330970323,0.0011845596365251954,0.8692790127340393,0.8650026578128999,0.004276354921139425,-0.07901604652486238,-0.07609809710915161,0.0029179494157107744,13.68365461108199,220,196118.80289157206,True,True,True
Portfolio,config_weights,0.0,0.12,0.15,0.1,Portfolio config_weights qqq=0.00/0.12 spy=0.15/0.10,0.038791362946228425,0.03760680330970323,0.0011845596365251954,0.8692790127340393,0.8650026578128999,0.004276354921139425,-0.07901604652486238,-0.07609809710915161,0.0029179494157107744,13.68365461108199,220,196118.80289157206,True,True,True
Portfolio,config_weights,0.0,0.15,0.15,0.1,Portfolio config_weights qqq=0.00/0.15 spy=0.15/0.10,0.038791362946228425,0.03760680330970323,0.0011845596365251954,0.8692790127340393,0.8650026578128999,0.004276354921139425,-0.07901604652486238,-0.07609809710915161,0.0029179494157107744,13.68365461108199,220,196118.80289157206,True,True,True
Portfolio,config_weights,0.0,0.2,0.15,0.1,Portfolio config_weights qqq=0.00/0.20 spy=0.15/0.10,0.038791362946228425,0.03760680330970323,0.0011845596365251954,0.8692790127340393,0.8650026578128999,0.004276354921139425,-0.07901604652486238,-0.07609809710915161,0.0029179494157107744,13.68365461108199,220,196118.80289157206,True,True,True
Portfolio,config_weights,0.05,0.12,0.15,0.1,Portfolio config_weights qqq=0.05/0.12 spy=0.15/0.10,0.038791362946228425,0.03703834443945553,0.0017530185067728965,0.8692790127340393,0.8627915907465962,0.0064874219874431205,-0.07901604652486238,-0.0760986369876342,0.0029174095372281883,13.09144580040618,220,194167.7011637069,True,True,True
Portfolio,config_weights,0.05,0.15,0.15,0.08,Portfolio config_weights qqq=0.05/0.15 spy=0.15/0.08,0.038791362946228425,0.03699578332054165,0.0017955796256867718,0.8692790127340393,0.8616660392727884,0.007612973461250894,-0.07901604652486238,-0.07614392334203546,0.0028721231828269245,13.104867799598644,220,194022.36078251372,True,True,True
Portfolio,config_weights,0.05,0.1,0.15,0.1,Portfolio config_weights qqq=0.05/0.10 spy=0.15/0.10,0.038791362946228425,0.03702780236012626,0.0017635605861021642,0.8692790127340393,0.8626521221902498,0.00662689054378951,-0.07901604652486238,-0.07615958289615021,0.002856463628712169,13.081616159896221,220,194131.6918245554,True,True,True
Portfolio,config_weights,0.0,0.1,0.15,0.08,Portfolio config_weights qqq=0.00/0.10 spy=0.15/0.08,0.038791362946228425,0.03754784115936216,0.001243521786866264,0.8692790127340393,0.8637361005751559,0.005542912158883362,-0.07901604652486238,-0.07619412568429729,0.0028219208405650953,13.683668201477115,219,195915.57106514173,True,True,True
Portfolio,config_weights,0.0,0.12,0.15,0.08,Portfolio config_weights qqq=0.00/0.12 spy=0.15/0.08,0.038791362946228425,0.03754784115936216,0.001243521786866264,0.8692790127340393,0.8637361005751559,0.005542912158883362,-0.07901604652486238,-0.07619412568429729,0.0028219208405650953,13.683668201477115,219,195915.57106514173,True,True,True
Portfolio,config_weights,0.0,0.15,0.15,0.08,Portfolio config_weights qqq=0.00/0.15 spy=0.15/0.08,0.038791362946228425,0.03754784115936216,0.001243521786866264,0.8692790127340393,0.8637361005751559,0.005542912158883362,-0.07901604652486238,-0.07619412568429729,0.0028219208405650953,13.683668201477115,219,195915.57106514173,True,True,True
Portfolio,config_weights,0.0,0.2,0.15,0.08,Portfolio config_weights qqq=0.00/0.20 spy=0.15/0.08,0.038791362946228425,0.03754784115936216,0.001243521786866264,0.8692790127340393,0.8637361005751559,0.005542912158883362,-0.07901604652486238,-0.07619412568429729,0.0028219208405650953,13.683668201477115,219,195915.57106514173,True,True,True
Portfolio,config_weights,0.05,0.12,0.15,0.08,Portfolio config_weights qqq=0.05/0.12 spy=0.15/0.08,0.038791362946228425,0.03697928533191375,0.0018120776143146777,0.8692790127340393,0.8614525713853002,0.00782644134873911,-0.07901604652486238,-0.07623558601952973,0.002780460505332649,13.091459390801305,220,193966.05007517012,True,True,True
Portfolio,config_weights,0.05,0.1,0.15,0.08,Portfolio config_weights qqq=0.05/0.10 spy=0.15/0.08,0.038791362946228425,0.036968738316690786,0.0018226246295376392,0.8692790127340393,0.8613105080797041,0.007968504654335185,-0.07901604652486238,-0.07629653020523242,0.0027195163196299665,13.081629750291349,220,193930.05924279708,True,True,True
Portfolio,config_weights,0.05,0.2,0.1,0.15,Portfolio config_weights qqq=0.05/0.20 spy=0.10/0.15,0.038791362946228425,0.03754685065033647,0.001244512295891953,0.8692790127340393,0.8672941727011313,0.0019848400329079974,-0.07901604652486238,-0.07649838026981359,0.0025176662550487894,13.495966457861597,220,195912.1586610864,True,True,True
Portfolio,config_weights,0.1,0.2,0.1,0.15,Portfolio config_weights qqq=0.10/0.20 spy=0.10/0.15,0.038791362946228425,0.03702196187261797,0.0017694010736104548,0.8692790127340393,0.8655757803330498,0.0037032324009894646,-0.07901604652486238,-0.07657727409483084,0.002438772430031544,12.949561082548191,220,194111.74476828423,True,True,True
Portfolio,config_weights,0.05,0.2,0.1,0.12,Portfolio config_weights qqq=0.05/0.20 spy=0.10/0.12,0.038791362946228425,0.03751082038090825,0.0012805425653201752,0.8692790127340393,0.8665923520268873,0.0026866607071519555,-0.07901604652486238,-0.07657916955211963,0.002436876972742752,13.476122567621157,220,195788.06891053164,True,True,True
Portfolio,config_weights,0.05,0.15,0.1,0.15,Portfolio config_weights qqq=0.05/0.15 spy=0.10/0.15,0.038791362946228425,0.0375195714801162,0.0012717914661122265,0.8692790127340393,0.8669784338576588,0.0023005788763804658,-0.07901604652486238,-0.07663204959680703,0.002383996928055354,13.476942677733263,220,195818.20122873964,True,True,True
Portfolio,config_weights,0.05,0.2,0.1,0.1,Portfolio config_weights qqq=0.05/0.20 spy=0.10/0.10,0.038791362946228425,0.03747962114500747,0.0013117418012209558,0.8692790127340393,0.8659573558008438,0.003321656933195527,-0.07901604652486238,-0.07664116893501871,0.0023748775898436714,13.463295336569331,220,195680.67746074518,True,True,True
Portfolio,config_weights,0.1,0.2,0.1,0.12,Portfolio config_weights qqq=0.10/0.20 spy=0.10/0.12,0.038791362946228425,0.036985846932316546,0.0018055160139118787,0.8692790127340393,0.8648205841127466,0.004458428621292643,-0.07901604652486238,-0.0766943994185103,0.002321647106352076,12.92971719230775,220,193988.4441888518,True,True,True
Portfolio,config_weights,0.05,0.2,0.1,0.08,Portfolio config_weights qqq=0.05/0.20 spy=0.10/0.08,0.038791362946228425,0.037440338600059686,0.0013510243461687388,0.8692790127340393,0.8651186978103393,0.004160314923699948,-0.07901604652486238,-0.07670521487190685,0.002310831652955536,13.454277488826714,220,195545.5414897207,True,True,True
Portfolio,config_weights,0.05,0.15,0.1,0.12,Portfolio config_weights qqq=0.05/0.15 spy=0.10/0.12,0.038791362946228425,0.03748353465699528,0.0013078282892331483,0.8692790127340393,0.866273095648392,0.003005917085647236,-0.07901604652486238,-0.07671284128029388,0.002303205244568507,13.457098787492825,220,195694.14517602324,True,True,True
Portfolio,config_weights,0.05,0.12,0.1,0.15,Portfolio config_weights qqq=0.05/0.12 spy=0.10/0.15,0.038791362946228425,0.037503130151556485,0.0012882327946719396,0.8692790127340393,0.8667947778168448,0.0024842349171945166,-0.07901604652486238,-0.07672021888517588,0.0022958276396864985,13.463534268935923,220,195761.59306199205,True,True,True
Portfolio,config_weights,0.05,0.15,0.1,0.1,Portfolio config_weights qqq=0.05/0.15 spy=0.10/0.10,0.038791362946228425,0.03745233054958552,0.001339032396642903,0.8692790127340393,0.86563540172036,0.003643611013679271,-0.07901604652486238,-0.07677484217883868,0.0022412043460237063,13.444271556440999,220,195586.78566556078,True,True,True
Portfolio,config_weights,0.05,0.1,0.1,0.15,Portfolio config_weights qqq=0.05/0.10 spy=0.10/0.15,0.038791362946228425,0.03749262468026249,0.0012987382659659374,0.8692790127340393,0.8666741655754562,0.0026048471585831123,-0.07901604652486238,-0.07677934270453124,0.002236703820331143,13.45370462842597,220,195725.4303942155,True,True,True
Portfolio,config_weights,0.1,0.2,0.1,0.1,Portfolio config_weights qqq=0.10/0.20 spy=0.10/0.10,0.038791362946228425,0.03695459040089344,0.001836772545334986,0.8692790127340393,0.8641460079680527,0.0051330047659865485,-0.07901604652486238,-0.07678111503432905,0.0022349314905333317,12.916889961255926,220,193881.79054236916,True,True,True
Portfolio,config_weights,0.05,0.12,0.1,0.12,Portfolio config_weights qqq=0.05/0.12 spy=0.10/0.12,0.038791362946228425,0.0374670884181465,0.0013242745280819257,0.8692790127340393,0.866086892799442,0.0031921199345973372,-0.07901604652486238,-0.07680101112487792,0.0022150353999844663,13.443690378695484,220,195637.55401340596,True,True,True
Portfolio,equal_weight_full_capital,0.0,0.1,0.05,0.15,Portfolio equal_weight_full_capital qqq=0.00/0.10 spy=0.05/0.15,0.09000048081758605,0.0891784167252534,0.0008220640923326528,0.8692790127340394,0.8690534646638585,0.00022554807018093648,-0.17842778244744828,-0.17622958678613387,0.002198195661314406,33.96617278311041,220,475196.39716287004,True,True,True
Portfolio,equal_weight_full_capital,0.0,0.12,0.05,0.15,Portfolio equal_weight_full_capital qqq=0.00/0.12 spy=0.05/0.15,0.09000048081758605,0.0891784167252534,0.0008220640923326528,0.8692790127340394,0.8690534646638585,0.00022554807018093648,-0.17842778244744828,-0.17622958678613387,0.002198195661314406,33.96617278311041,220,475196.39716287004,True,True,True
Portfolio,equal_weight_full_capital,0.0,0.15,0.05,0.15,Portfolio equal_weight_full_capital qqq=0.00/0.15 spy=0.05/0.15,0.09000048081758605,0.0891784167252534,0.0008220640923326528,0.8692790127340394,0.8690534646638585,0.00022554807018093648,-0.17842778244744828,-0.17622958678613387,0.002198195661314406,33.96617278311041,220,475196.39716287004,True,True,True
Portfolio,equal_weight_full_capital,0.0,0.2,0.05,0.15,Portfolio equal_weight_full_capital qqq=0.00/0.20 spy=0.05/0.15,0.09000048081758605,0.0891784167252534,0.0008220640923326528,0.8692790127340394,0.8690534646638585,0.00022554807018093648,-0.17842778244744828,-0.17622958678613387,0.002198195661314406,33.96617278311041,220,475196.39716287004,True,True,True
Portfolio,config_weights,0.05,0.15,0.1,0.08,Portfolio config_weights qqq=0.05/0.15 spy=0.10/0.08,0.038791362946228425,0.03741304281582902,0.001378320130399402,0.8692790127340393,0.86479375401494,0.004485258719099328,-0.07901604652486238,-0.07683889015094592,0.0021771563739164668,13.43525370869838,220,195451.6931476296,True,True,True
Portfolio,config_weights,0.05,0.1,0.1,0.12,Portfolio config_weights qqq=0.05/0.10 spy=0.10/0.12,0.038791362946228425,0.037456579224246944,0.0013347837219814807,0.8692790127340393,0.8659643984753674,0.0033146142586718552,-0.07901604652486238,-0.07686013483757537,0.0021559116872870154,13.433860738185526,220,195601.40019831673,True,True,True
Portfolio,config_weights,0.05,0.12,0.1,0.1,Portfolio config_weights qqq=0.05/0.12 spy=0.10/0.10,0.038791362946228425,0.037435880544890665,0.0013554824013377598,0.8692790127340393,0.8654472042886422,0.0038318084453971,-0.07901604652486238,-0.07686301267642437,0.002153033848438013,13.43086314764366,220,195530.2108986786,True,True,True
Portfolio,config_weights,0.1,0.15,0.1,0.15,Portfolio config_weights qqq=0.10/0.15 spy=0.10/0.15,0.038791362946228425,0.036967229197564455,0.0018241337486639697,0.8692790127340393,0.864851343609254,0.004427669124785316,-0.07901604652486238,-0.07686442265268134,0.002151623872181041,12.920219375280588,220,193924.91001264466,True,True,True
Portfolio,config_weights,0.1,0.2,0.1,0.08,Portfolio config_weights qqq=0.10/0.20 spy=0.10/0.08,0.038791362946228425,0.03691525254213479,0.0018761104040936338,0.8692790127340393,0.8632642529517709,0.006014759782268397,-0.07901604652486238,-0.07687239457825079,0.002143651946611591,12.907872113513307,220,193747.64053199644,True,True,True
Portfolio,equal_weight_full_capital,0.0,0.1,0.05,0.12,Portfolio equal_weight_full_capital qqq=0.00/0.10 spy=0.05/0.12,0.09000048081758605,0.08913509476465897,0.0008653860529270752,0.8692790127340394,0.868754253131104,0.0005247596029354096,-0.17842778244744828,-0.1763160782456452,0.0021117042018030663,33.92762688956864,220,474851.6679876534,True,True,True
Portfolio,equal_weight_full_capital,0.0,0.12,0.05,0.12,Portfolio equal_weight_full_capital qqq=0.00/0.12 spy=0.05/0.12,0.09000048081758605,0.08913509476465897,0.0008653860529270752,0.8692790127340394,0.868754253131104,0.0005247596029354096,-0.17842778244744828,-0.1763160782456452,0.0021117042018030663,33.92762688956864,220,474851.6679876534,True,True,True
Portfolio,equal_weight_full_capital,0.0,0.15,0.05,0.12,Portfolio equal_weight_full_capital qqq=0.00/0.15 spy=0.05/0.12,0.09000048081758605,0.08913509476465897,0.0008653860529270752,0.8692790127340394,0.868754253131104,0.0005247596029354096,-0.17842778244744828,-0.1763160782456452,0.0021117042018030663,33.92762688956864,220,474851.6679876534,True,True,True
Portfolio,equal_weight_full_capital,0.0,0.2,0.05,0.12,Portfolio equal_weight_full_capital qqq=0.00/0.20 spy=0.05/0.12,0.09000048081758605,0.08913509476465897,0.0008653860529270752,0.8692790127340394,0.868754253131104,0.0005247596029354096,-0.17842778244744828,-0.1763160782456452,0.0021117042018030663,33.92762688956864,220,474851.6679876534,True,True,True
Portfolio,config_weights,0.05,0.1,0.1,0.1,Portfolio config_weights qqq=0.05/0.10 spy=0.10/0.10,0.038791362946228425,0.037425368427939976,0.0013659945182884492,0.8692790127340393,0.8653232111416559,0.003955801592383401,-0.07901604652486238,-0.0769221366042705,0.0020939099205918854,13.421033507133702,220,195494.06578390545,True,True,True
Portfolio,config_weights,0.0,0.1,0.1,0.15,Portfolio config_weights qqq=0.00/0.10 spy=0.10/0.15,0.038791362946228425,0.03807017019330883,0.0007211927529195972,0.8692790127340393,0.8683075679260392,0.0009714448080000437,-0.07901604652486238,-0.07692506112027486,0.00209098540458752,14.055743079611736,220,197722.89495088943,True,True,True
Portfolio,config_weights,0.0,0.12,0.1,0.15,Portfolio config_weights qqq=0.00/0.12 spy=0.10/0.15,0.038791362946228425,0.03807017019330883,0.0007211927529195972,0.8692790127340393,0.8683075679260392,0.0009714448080000437,-0.07901604652486238,-0.07692506112027486,0.00209098540458752,14.055743079611736,220,197722.89495088943,True,True,True
Portfolio,config_weights,0.0,0.15,0.1,0.15,Portfolio config_weights qqq=0.00/0.15 spy=0.10/0.15,0.038791362946228425,0.03807017019330883,0.0007211927529195972,0.8692790127340393,0.8683075679260392,0.0009714448080000437,-0.07901604652486238,-0.07692506112027486,0.00209098540458752,14.055743079611736,220,197722.89495088943,True,True,True
Portfolio,config_weights,0.0,0.2,0.1,0.15,Portfolio config_weights qqq=0.00/0.20 spy=0.10/0.15,0.038791362946228425,0.03807017019330883,0.0007211927529195972,0.8692790127340393,0.8683075679260392,0.0009714448080000437,-0.07901604652486238,-0.07692506112027486,0.00209098540458752,14.055743079611736,220,197722.89495088943,True,True,True
Portfolio,config_weights,0.05,0.12,0.1,0.08,Portfolio config_weights qqq=0.05/0.12 spy=0.10/0.08,0.038791362946228425,0.03739658867071349,0.0013947742755149317,0.8692790127340393,0.8646033043462265,0.004675708387812838,-0.07901604652486238,-0.07692706200698762,0.002088984517874759,13.42184529990104,220,195395.14108791493,True,True,True
Portfolio,equal_weight_full_capital,0.0,0.1,0.05,0.1,Portfolio equal_weight_full_capital qqq=0.00/0.10 spy=0.05/0.10,0.09000048081758605,0.0890973904417256,0.0009030903758604492,0.8692790127340394,0.8684763440059144,0.0008026687281249556,-0.17842778244744828,-0.17638249336100342,0.002045289086444857,33.89800200923483,220,474551.83287236566,True,True,True
Portfolio,equal_weight_full_capital,0.0,0.12,0.05,0.1,Portfolio equal_weight_full_capital qqq=0.00/0.12 spy=0.05/0.10,0.09000048081758605,0.0890973904417256,0.0009030903758604492,0.8692790127340394,0.8684763440059144,0.0008026687281249556,-0.17842778244744828,-0.17638249336100342,0.002045289086444857,33.89800200923483,220,474551.83287236566,True,True,True
Portfolio,equal_weight_full_capital,0.0,0.15,0.05,0.1,Portfolio equal_weight_full_capital qqq=0.00/0.15 spy=0.05/0.10,0.09000048081758605,0.0890973904417256,0.0009030903758604492,0.8692790127340394,0.8684763440059144,0.0008026687281249556,-0.17842778244744828,-0.17638249336100342,0.002045289086444857,33.89800200923483,220,474551.83287236566,True,True,True
Portfolio,equal_weight_full_capital,0.0,0.2,0.05,0.1,Portfolio equal_weight_full_capital qqq=0.00/0.20 spy=0.05/0.10,0.09000048081758605,0.0890973904417256,0.0009030903758604492,0.8692790127340394,0.8684763440059144,0.0008026687281249556,-0.17842778244744828,-0.17638249336100342,0.002045289086444857,33.89800200923483,220,474551.83287236566,True,True,True
Portfolio,config_weights,0.1,0.15,0.1,0.12,Portfolio config_weights qqq=0.10/0.15 spy=0.10/0.12,0.038791362946228425,0.03693110117151632,0.001860261774712102,0.8692790127340393,0.8640889851059922,0.0051900276280471,-0.07901604652486238,-0.07698153940681007,0.002034507118052309,12.900375485040147,220,193801.67698944887,True,True,True
Portfolio,config_weights,0.05,0.1,0.1,0.08,Portfolio config_weights qqq=0.05/0.10 spy=0.10/0.08,0.038791362946228425,0.03738607325919885,0.0014052896870295761,0.8692790127340393,0.8644775913224672,0.004801421411572138,-0.07901604652486238,-0.07698618673977231,0.0020298597850900713,13.412015659391084,220,195359.00825406364,True,True,True
Portfolio,config_weights,0.0,0.1,0.1,0.12,Portfolio config_weights qqq=0.00/0.10 spy=0.10/0.12,0.038791362946228425,0.03803422475593088,0.000757138190297546,0.8692790127340393,0.8676572641080821,0.001621748625957209,-0.07901604652486238,-0.07700551332283956,0.002010533202022824,14.035899189371296,220,197598.0160345303,True,True,True
Portfolio,config_weights,0.0,0.12,0.1,0.12,Portfolio config_weights qqq=0.00/0.12 spy=0.10/0.12,0.038791362946228425,0.03803422475593088,0.000757138190297546,0.8692790127340393,0.8676572641080821,0.001621748625957209,-0.07901604652486238,-0.07700551332283956,0.002010533202022824,14.035899189371296,220,197598.0160345303,True,True,True
Portfolio,config_weights,0.0,0.15,0.1,0.12,Portfolio config_weights qqq=0.00/0.15 spy=0.10/0.12,0.038791362946228425,0.03803422475593088,0.000757138190297546,0.8692790127340393,0.8676572641080821,0.001621748625957209,-0.07901604652486238,-0.07700551332283956,0.002010533202022824,14.035899189371296,220,197598.0160345303,True,True,True
Portfolio,config_weights,0.0,0.2,0.1,0.12,Portfolio config_weights qqq=0.00/0.20 spy=0.10/0.12,0.038791362946228425,0.03803422475593088,0.000757138190297546,0.8692790127340393,0.8676572641080821,0.001621748625957209,-0.07901604652486238,-0.07700551332283956,0.002010533202022824,14.035899189371296,220,197598.0160345303,True,True,True
Portfolio,equal_weight_full_capital,0.0,0.1,0.05,0.08,Portfolio equal_weight_full_capital qqq=0.00/0.10 spy=0.05/0.08,0.09000048081758605,0.08904967002916742,0.0009508107884186323,0.8692790127340394,0.8681014353210761,0.0011775774129633154,-0.17842778244744828,-0.1764513650297237,0.0019764174177245852,33.86896743252749,219,474172.60362954135,True,True,True
Portfolio,equal_weight_full_capital,0.0,0.12,0.05,0.08,Portfolio equal_weight_full_capital qqq=0.00/0.12 spy=0.05/0.08,0.09000048081758605,0.08904967002916742,0.0009508107884186323,0.8692790127340394,0.8681014353210761,0.0011775774129633154,-0.17842778244744828,-0.1764513650297237,0.0019764174177245852,33.86896743252749,219,474172.60362954135,True,True,True
Portfolio,equal_weight_full_capital,0.0,0.15,0.05,0.08,Portfolio equal_weight_full_capital qqq=0.00/0.15 spy=0.05/0.08,0.09000048081758605,0.08904967002916742,0.0009508107884186323,0.8692790127340394,0.8681014353210761,0.0011775774129633154,-0.17842778244744828,-0.1764513650297237,0.0019764174177245852,33.86896743252749,219,474172.60362954135,True,True,True
Portfolio,equal_weight_full_capital,0.0,0.2,0.05,0.08,Portfolio equal_weight_full_capital qqq=0.00/0.20 spy=0.05/0.08,0.09000048081758605,0.08904967002916742,0.0009508107884186323,0.8692790127340394,0.8681014353210761,0.0011775774129633154,-0.17842778244744828,-0.1764513650297237,0.0019764174177245852,33.86896743252749,219,474172.60362954135,True,True,True
Portfolio,config_weights,0.1,0.12,0.1,0.15,Portfolio config_weights qqq=0.10/0.12 spy=0.10/0.15,0.038791362946228425,0.036934213153763995,0.0018571497924644298,0.8692790127340393,0.8644148716854253,0.00486414104861399,-0.07901604652486238,-0.0770476670402861,0.001968379484576288,12.90036511982144,220,193812.2890750177,True,True,True
Portfolio,config_weights,0.0,0.1,0.1,0.1,Portfolio config_weights qqq=0.00/0.10 spy=0.10/0.10,0.038791362946228425,0.038003082940829325,0.0007882800053991001,0.8692790127340393,0.8670606196052122,0.002218393128827101,-0.07901604652486238,-0.07706730203059853,0.0019487444942638543,14.023071958319466,220,197489.88577331058,True,True,True
Portfolio,config_weights,0.0,0.12,0.1,0.1,Portfolio config_weights qqq=0.00/0.12 spy=0.10/0.10,0.038791362946228425,0.038003082940829325,0.0007882800053991001,0.8692790127340393,0.8670606196052122,0.002218393128827101,-0.07901604652486238,-0.07706730203059853,0.0019487444942638543,14.023071958319466,220,197489.88577331058,True,True,True
Portfolio,config_weights,0.0,0.15,0.1,0.1,Portfolio config_weights qqq=0.00/0.15 spy=0.10/0.10,0.038791362946228425,0.038003082940829325,0.0007882800053991001,0.8692790127340393,0.8670606196052122,0.002218393128827101,-0.07901604652486238,-0.07706730203059853,0.0019487444942638543,14.023071958319466,220,197489.88577331058,True,True,True
Portfolio,config_weights,0.0,0.2,0.1,0.1,Portfolio config_weights qqq=0.00/0.20 spy=0.10/0.10,0.038791362946228425,0.038003082940829325,0.0007882800053991001,0.8692790127340393,0.8670606196052122,0.002218393128827101,-0.07901604652486238,-0.07706730203059853,0.0019487444942638543,14.023071958319466,220,197489.88577331058,True,True,True
Portfolio,config_weights,0.1,0.15,0.1,0.1,Portfolio config_weights qqq=0.10/0.15 spy=0.10/0.10,0.038791362946228425,0.036899834913879825,0.0018915280323485995,0.8692790127340393,0.8634089315536072,0.005870081180432085,-0.07901604652486238,-0.07706824886489139,0.0019477976599709956,12.88754825398832,220,193695.08725342245,True,True,True
Portfolio,config_weights,0.1,0.2,0.05,0.15,Portfolio config_weights qqq=0.10/0.20 spy=0.05/0.15,0.038791362946228425,0.03738535263453091,0.0014060103116975142,0.8692790127340393,0.8672886996539685,0.0019903130800708047,-0.07901604652486238,-0.07711352913397318,0.0019025173908892024,13.32944143575838,220,195356.53229012215,True,True,True
Portfolio,config_weights,0.0,0.1,0.1,0.08,Portfolio config_weights qqq=0.00/0.10 spy=0.10/0.08,0.038791362946228425,0.037963855850668304,0.0008275070955601205,0.8692790127340393,0.8662639266648965,0.0030150860691428027,-0.07901604652486238,-0.07713115847876284,0.001884888046099542,14.01405411057685,219,197353.7615037211,True,True,True
Portfolio,config_weights,0.0,0.12,0.1,0.08,Portfolio config_weights qqq=0.00/0.12 spy=0.10/0.08,0.038791362946228425,0.037963855850668304,0.0008275070955601205,0.8692790127340393,0.8662639266648965,0.0030150860691428027,-0.07901604652486238,-0.07713115847876284,0.001884888046099542,14.01405411057685,219,197353.7615037211,True,True,True
Portfolio,config_weights,0.0,0.15,0.1,0.08,Portfolio config_weights qqq=0.00/0.15 spy=0.10/0.08,0.038791362946228425,0.037963855850668304,0.0008275070955601205,0.8692790127340393,0.8662639266648965,0.0030150860691428027,-0.07901604652486238,-0.07713115847876284,0.001884888046099542,14.01405411057685,219,197353.7615037211,True,True,True
Portfolio,config_weights,0.0,0.2,0.1,0.08,Portfolio config_weights qqq=0.00/0.20 spy=0.10/0.08,0.038791362946228425,0.037963855850668304,0.0008275070955601205,0.8692790127340393,0.8662639266648965,0.0030150860691428027,-0.07901604652486238,-0.07713115847876284,0.001884888046099542,14.01405411057685,219,197353.7615037211,True,True,True
Portfolio,config_weights,0.1,0.2,0.05,0.12,Portfolio config_weights qqq=0.10/0.20 spy=0.05/0.12,0.038791362946228425,0.03736734497264238,0.0014240179735860448,0.8692790127340393,0.8669387381350027,0.002340274599036629,-0.07901604652486238,-0.07715394117379493,0.0018621053510674557,13.31305943100313,220,195294.67015355016,True,True,True
Portfolio,config_weights,0.1,0.15,0.1,0.08,Portfolio config_weights qqq=0.10/0.15 spy=0.10/0.08,0.038791362946228425,0.03686048669639863,0.0019308762498297938,0.8692790127340393,0.862521128071984,0.006757884662055291,-0.07901604652486238,-0.07715952249323776,0.0018565240316246179,12.878530406245703,220,193561.02406959896,True,True,True
Portfolio,config_weights,0.1,0.12,0.1,0.12,Portfolio config_weights qqq=0.10/0.12 spy=0.10/0.12,0.038791362946228425,0.03689807532423561,0.0018932876219928119,0.8692790127340393,0.8636473310757092,0.005631681658330057,-0.07901604652486238,-0.07716477697143487,0.0018512695534275148,12.880521229581,220,193689.09028714258,True,True,True
Portfolio,config_weights,0.1,0.1,0.1,0.15,Portfolio config_weights qqq=0.10/0.10 spy=0.10/0.15,0.038791362946228425,0.03691309831485445,0.0018782646313739715,0.8692790127340393,0.8641205766039767,0.005158436130062616,-0.07901604652486238,-0.07716950027345615,0.0018465462514062336,12.888910940598688,220,193740.29671806077,True,True,True
Portfolio,config_weights,0.1,0.2,0.05,0.1,Portfolio config_weights qqq=0.10/0.20 spy=0.05/0.10,0.038791362946228425,0.0373517540472561,0.0014396088989723221,0.8692790127340393,0.8666230542344311,0.002655958499608202,-0.07901604652486238,-0.07718495276895465,0.0018310937559077312,13.300468856861261,220,195241.12524322662,True,True,True
Portfolio,config_weights,0.1,0.2,0.05,0.08,Portfolio config_weights qqq=0.10/0.20 spy=0.05/0.08,0.038791362946228425,0.03733212555506449,0.0014592373911639367,0.8692790127340393,0.8662067961587977,0.003072216575241593,-0.07901604652486238,-0.07721698915122555,0.0017990573736368365,13.28812916176064,220,195173.73359088917,True,True,True
Portfolio,config_weights,0.1,0.12,0.1,0.1,Portfolio config_weights qqq=0.10/0.12 spy=0.10/0.10,0.038791362946228425,0.03686680154823008,0.0019245613979983478,0.8692790127340393,0.8629632303459326,0.0063157823881067054,-0.07901604652486238,-0.07725148228505252,0.0017645642398098627,12.867693998529173,220,193582.53347089788,True,True,True
Portfolio,config_weights,0.1,0.1,0.1,0.12,Portfolio config_weights qqq=0.10/0.10 spy=0.10/0.12,0.038791362946228425,0.03687695305355421,0.0019144098926742181,0.8692790127340393,0.863349212004751,0.0059298007292882815,-0.07901604652486238,-0.07728660481825189,0.0017294417066104906,12.869067050358247,220,193617.1158664247,True,True,True
Portfolio,config_weights,0.1,0.12,0.1,0.08,Portfolio config_weights qqq=0.10/0.12 spy=0.10/0.08,0.038791362946228425,0.036827445064979036,0.0019639178812493885,0.8692790127340393,0.8620708727531893,0.007208139980850015,-0.07901604652486238,-0.07734275265554702,0.001673293869315362,12.858676150786554,220,193448.51578469086,True,True,True
Portfolio,config_weights,0.1,0.1,0.1,0.1,Portfolio config_weights qqq=0.10/0.10 spy=0.10/0.10,0.038791362946228425,0.03684567344200307,0.0019456895042253564,0.8692790127340393,0.8626620741639766,0.006616938570062736,-0.07901604652486238,-0.07737330700607536,0.0016427395187870175,12.85623981930642,220,193510.57660627647,True,True,True
Portfolio,config_weights,0.1,0.15,0.05,0.15,Portfolio config_weights qqq=0.10/0.15 spy=0.05/0.15,0.038791362946228425,0.037330729225170334,0.001460633721058091,0.8692790127340393,0.86662350116986,0.0026555115641793137,-0.07901604652486238,-0.07738086143587453,0.001635185088987856,13.300099728490776,220,195168.94032742057,True,True,True
Portfolio,config_weights,0.1,0.15,0.05,0.12,Portfolio config_weights qqq=0.10/0.15 spy=0.05/0.12,0.038791362946228425,0.03731271501196609,0.0014786479342623338,0.8692790127340393,0.8662699999610346,0.0030090127730046934,-0.07901604652486238,-0.07742127586498637,0.0015947706598760103,13.283717723735524,220,195107.11185824362,True,True,True
Portfolio,config_weights,0.1,0.15,0.05,0.1,Portfolio config_weights qqq=0.10/0.15 spy=0.05/0.10,0.038791362946228425,0.03729711921667689,0.0014942437295515365,0.8692790127340393,0.8659516027475935,0.003327409986445762,-0.07901604652486238,-0.07745228896875878,0.0015637575561036066,13.27112714959366,220,195053.59884717723,True,True,True
Portfolio,config_weights,0.1,0.1,0.1,0.08,Portfolio config_weights qqq=0.10/0.10 spy=0.10/0.08,0.038791362946228425,0.03680631038167892,0.0019850525645495054,0.8692790127340393,0.8617662431275628,0.00751276960647651,-0.07901604652486238,-0.07746457507558135,0.0015514714492810278,12.847221971563805,220,193376.58362576505,True,True,True
Portfolio,config_weights,0.1,0.15,0.05,0.08,Portfolio config_weights qqq=0.10/0.15 spy=0.05/0.08,0.038791362946228425,0.03727748553719956,0.0015138774090288631,0.8692790127340393,0.8655323392179283,0.003746673516111021,-0.07901604652486238,-0.07748432738009636,0.0015317191447660194,13.258787454493035,220,194986.2505872927,True,True,True
Portfolio,config_weights,0.05,0.2,0.05,0.15,Portfolio config_weights qqq=0.05/0.20 spy=0.05/0.15,0.038791362946228425,0.037909158228297324,0.000882204717931101,0.8692790127340393,0.868507186677028,0.0007718260570113156,-0.07901604652486238,-0.07753844298291612,0.0014776035419462596,13.875846811071785,220,197164.10005384547,True,True,True
Portfolio,config_weights,0.1,0.12,0.05,0.15,Portfolio config_weights qqq=0.10/0.12 spy=0.05/0.15,0.038791362946228425,0.03729778805125106,0.0014935748949773675,0.8692790127340393,0.8662267944579228,0.0030522182761164585,-0.07901604652486238,-0.07755718753920471,0.001458858985657674,13.28024547303163,220,195055.89349842822,True,True,True
Portfolio,config_weights,0.05,0.2,0.05,0.12,Portfolio config_weights qqq=0.05/0.20 spy=0.05/0.12,0.038791362946228425,0.037891192969102816,0.0009001699771256089,0.8692790127340393,0.8681831106618522,0.001095902072187127,-0.07901604652486238,-0.0775786866087328,0.001437359916129588,13.859464806316538,220,197101.84395090133,True,True,True
Portfolio,config_weights,0.15,0.2,0.05,0.15,Portfolio config_weights qqq=0.15/0.20 spy=0.05/0.15,0.038791362946228425,0.03685997846533806,0.0019313844808903635,0.8692790127340393,0.8653495502639148,0.00392946247012449,-0.07901604652486238,-0.07759691244110589,0.0014191340837564903,12.801234157053571,220,193559.29305106262,True,True,True
Portfolio,config_weights,0.1,0.12,0.05,0.12,Portfolio config_weights qqq=0.10/0.12 spy=0.05/0.12,0.038791362946228425,0.03727976893029861,0.001511594015929818,0.8692790127340393,0.8658707309202412,0.003408281813798042,-0.07901604652486238,-0.07759760251751213,0.0014184440073502502,13.263863468276378,220,194994.08204718574,True,True,True
Portfolio,config_weights,0.05,0.2,0.05,0.1,Portfolio config_weights qqq=0.05/0.20 spy=0.05/0.10,0.038791362946228425,0.03787563074722544,0.0009157321990029832,0.8692790127340393,0.8678866584331644,0.0013923543008749206,-0.07901604652486238,-0.07760959293241332,0.001406453592449064,13.846874232174669,220,197047.93025810624,True,True,True
Portfolio,config_weights,0.1,0.12,0.05,0.1,Portfolio config_weights qqq=0.10/0.12 spy=0.05/0.10,0.038791362946228425,0.037264169371040046,0.0015271935751883792,0.8692790127340393,0.8655503281368255,0.0037286845972137606,-0.07901604652486238,-0.07762861626996587,0.0013874302548965156,13.25127289413451,220,194940.58543254068,True,True,True
Portfolio,config_weights,0.05,0.2,0.05,0.08,Portfolio config_weights qqq=0.05/0.20 spy=0.05/0.08,0.038791362946228425,0.03785602997813253,0.0009353329680958922,0.8692790127340393,0.8674914024245408,0.0017876103094984774,-0.07901604652486238,-0.07764153461625034,0.0013745119086120416,13.834534537074045,220,196980.04527414218,True,True,True
Portfolio,config_weights,0.15,0.2,0.05,0.12,Portfolio config_weights qqq=0.15/0.20 spy=0.05/0.12,0.038791362946228425,0.036841928481353925,0.0019494344648745,0.8692790127340393,0.86497279170733,0.0043062210267093,-0.07901604652486238,-0.07765545232831716,0.0013605941965452173,12.78485215229832,220,193497.82487699014,True,True,True
Portfolio,config_weights,0.1,0.12,0.05,0.08,Portfolio config_weights qqq=0.10/0.12 spy=0.05/0.08,0.038791362946228425,0.03724453155312113,0.0015468313931072952,0.8692790127340393,0.8651288013604839,0.004150211373555424,-0.07901604652486238,-0.07766065603579142,0.0013553904890709623,13.238933199033887,220,194873.25987045062,True,True,True
Portfolio,config_weights,0.05,0.15,0.05,0.15,Portfolio config_weights qqq=0.05/0.15 spy=0.05/0.15,0.038791362946228425,0.03788193380016347,0.0009094291460649551,0.8692790127340393,0.8682196503356081,0.001059362398431185,-0.07901604652486238,-0.07767187780848306,0.0013441687163793237,13.856823030943453,220,197069.76484718535,True,True,True
Portfolio,config_weights,0.1,0.1,0.05,0.15,Portfolio config_weights qqq=0.10/0.10 spy=0.05/0.15,0.038791362946228425,0.03727672647071989,0.001514636475508535,0.8692790127340393,0.8659605335533994,0.0033184791806398772,-0.07901604652486238,-0.07767542253956183,0.0013406239853005486,13.268791293808878,220,194983.64724739816,True,True,True
Portfolio,config_weights,0.15,0.2,0.05,0.1,Portfolio config_weights qqq=0.15/0.20 spy=0.05/0.10,0.038791362946228425,0.03682630891509908,0.001965054031129343,0.8692790127340393,0.8646372715680979,0.004641741165941404,-0.07901604652486238,-0.0776987958229931,0.001317250701869277,12.772261578156453,220,193444.6482412121,True,True,True
Portfolio,config_weights,0.05,0.15,0.05,0.12,Portfolio config_weights qqq=0.05/0.15 spy=0.05/0.12,0.038791362946228425,0.03786396525990021,0.000927397686328213,0.8692790127340393,0.867893844192887,0.0013851685411523373,-0.07901604652486238,-0.07771212265068739,0.0013039238741749948,13.840441026188202,220,197007.52553607078,True,True,True
Portfolio,config_weights,0.1,0.1,0.05,0.12,Portfolio config_weights qqq=0.10/0.10 spy=0.05/0.12,0.038791362946228425,0.03725870362959771,0.0015326593166307134,0.8692790127340393,0.8656025771555431,0.0036764355784961733,-0.07901604652486238,-0.07771583740690713,0.0013002091179552533,13.252409289053626,220,194921.84468091693,True,True,True
Portfolio,config_weights,0.05,0.15,0.05,0.1,Portfolio config_weights qqq=0.05/0.15 spy=0.05/0.10,0.038791362946228425,0.0378484005988704,0.0009429623473580229,0.8692790127340393,0.8675960621673384,0.0016829505667008693,-0.07901604652486238,-0.0777430297416325,0.0012730167832298855,13.827850452046334,220,196953.6277835879,True,True,True
Portfolio,config_weights,0.15,0.2,0.05,0.08,Portfolio config_weights qqq=0.15/0.20 spy=0.05/0.08,0.038791362946228425,0.03680665277029327,0.001984710175935156,0.8692790127340393,0.864199452648108,0.005079560085931245,-0.07901604652486238,-0.0777444233743545,0.0012716231505078834,12.75992188305583,220,193377.74874820383,True,True,True
Portfolio,config_weights,0.1,0.1,0.05,0.1,Portfolio config_weights qqq=0.10/0.10 spy=0.05/0.10,0.038791362946228425,0.03724310114916274,0.0015482617970656865,0.8692790127340393,0.8652806678613117,0.003998344872727544,-0.07901604652486238,-0.07774685137177995,0.0012691951530824364,13.23981871491176,220,194868.35678571003,True,True,True
Portfolio,config_weights,0.05,0.12,0.05,0.15,Portfolio config_weights qqq=0.05/0.12 spy=0.05/0.15,0.038791362946228425,0.037865529991808033,0.0009258329544203914,0.8692790127340393,0.8680548742894179,0.0012241384446214365,-0.07901604652486238,-0.07775992141368016,0.001256125111182227,13.843414622146113,220,197012.94470552003,True,True,True
Portfolio,config_weights,0.05,0.15,0.05,0.08,Portfolio config_weights qqq=0.05/0.15 spy=0.05/0.08,0.038791362946228425,0.037828797231411526,0.0009625657148168987,0.8692790127340393,0.8671993281322021,0.0020796846018371618,-0.07901604652486238,-0.07777497245065124,0.001241074074211146,13.815510756945713,220,196885.76451420353,True,True,True
Portfolio,config_weights,0.1,0.1,0.05,0.08,Portfolio config_weights qqq=0.10/0.10 spy=0.05/0.08,0.038791362946228425,0.037223460038740885,0.0015679029074875395,0.8692790127340393,0.864857413497982,0.004421599236057339,-0.07901604652486238,-0.07777889193993448,0.001237154584927902,13.227479019811138,220,194801.0435199624,True,True,True
Portfolio,config_weights,0.05,0.12,0.05,0.12,Portfolio config_weights qqq=0.05/0.12 spy=0.05/0.12,0.038791362946228425,0.03784755899339598,0.0009438039528324449,0.8692790127340393,0.8677278151092396,0.0015511976247997161,-0.07901604652486238,-0.07780016654415844,0.0012158799807039378,13.827032617390863,220,196950.7138453444,True,True,True
Portfolio,config_weights,0.05,0.1,0.05,0.15,Portfolio config_weights qqq=0.05/0.10 spy=0.05/0.15,0.038791362946228425,0.037855051215562874,0.0009363117306655511,0.8692790127340393,0.8679475561750033,0.0013314565590359928,-0.07901604652486238,-0.07781897101491264,0.001197075509949741,13.83358498163616,220,196976.6560233615,True,True,True
Portfolio,config_weights,0.05,0.12,0.05,0.1,Portfolio config_weights qqq=0.05/0.12 spy=0.05/0.10,0.038791362946228425,0.03783199244705071,0.0009593704991777141,0.8692790127340393,0.8674290496602037,0.0018499630738355588,-0.07901604652486238,-0.07783107396728539,0.001184972557576991,13.814442043248995,220,196896.82425796983,True,True,True
Portfolio,config_weights,0.05,0.1,0.05,0.12,Portfolio config_weights qqq=0.05/0.10 spy=0.05/0.12,0.038791362946228425,0.037837078353705644,0.0009542845925227805,0.8692790127340393,0.8676195701851654,0.0016594425488738462,-0.07901604652486238,-0.07785921609887625,0.0011568304259861328,13.817202976880907,220,196914.42954691054,True,True,True
Portfolio,config_weights,0.05,0.12,0.05,0.08,Portfolio config_weights qqq=0.05/0.12 spy=0.05/0.08,0.038791362946228425,0.037812387006603165,0.0009789759396252595,0.8692790127340393,0.8670312021310974,0.00224781060294188,-0.07901604652486238,-0.07786301735965506,0.00115302916520732,13.802102348148372,220,196828.9723154579,True,True,True
Portfolio,config_weights,0.05,0.1,0.05,0.1,Portfolio config_weights qqq=0.05/0.10 spy=0.05/0.10,0.038791362946228425,0.03782151034413306,0.0009698526020953668,0.8692790127340393,0.8673200651397849,0.001958947594254412,-0.07901604652486238,-0.0778901236332552,0.0011259228916071784,13.80461240273904,220,196860.54427961027,True,True,True
Portfolio,config_weights,0.05,0.1,0.05,0.08,Portfolio config_weights qqq=0.05/0.10 spy=0.05/0.08,0.038791362946228425,0.037801903254420566,0.000989459691807859,0.8692790127340393,0.8669213667260935,0.002357646007945746,-0.07901604652486238,-0.07792206743060814,0.0010939790942542382,13.792272707638416,220,196792.69844837126,True,True,True
Portfolio,config_weights,0.0,0.1,0.05,0.15,Portfolio config_weights qqq=0.00/0.10 spy=0.05/0.15,0.038791362946228425,0.038431392867686265,0.00035997007854216,0.8692790127340393,0.8690534646638585,0.00022554807018082546,-0.07901604652486238,-0.07796907984318868,0.0010469666816737,14.435623432821924,220,198981.97570037047,True,True,True
Portfolio,config_weights,0.0,0.12,0.05,0.15,Portfolio config_weights qqq=0.00/0.12 spy=0.05/0.15,0.038791362946228425,0.038431392867686265,0.00035997007854216,0.8692790127340393,0.8690534646638585,0.00022554807018082546,-0.07901604652486238,-0.07796907984318868,0.0010469666816737,14.435623432821924,220,198981.97570037047,True,True,True
Portfolio,config_weights,0.0,0.15,0.05,0.15,Portfolio config_weights qqq=0.00/0.15 spy=0.05/0.15,0.038791362946228425,0.038431392867686265,0.00035997007854216,0.8692790127340393,0.8690534646638585,0.00022554807018082546,-0.07901604652486238,-0.07796907984318868,0.0010469666816737,14.435623432821924,220,198981.97570037047,True,True,True
Portfolio,config_weights,0.0,0.2,0.05,0.15,Portfolio config_weights qqq=0.00/0.20 spy=0.05/0.15,0.038791362946228425,0.038431392867686265,0.00035997007854216,0.8692790127340393,0.8690534646638585,0.00022554807018082546,-0.07901604652486238,-0.07796907984318868,0.0010469666816737,14.435623432821924,220,198981.97570037047,True,True,True
Portfolio,config_weights,0.15,0.2,0.0,0.08,Portfolio config_weights qqq=0.15/0.20 spy=0.00/0.08,0.038791362946228425,0.03722320205127683,0.001568160894951598,0.8692790127340393,0.8669915126964272,0.0022875000376121335,-0.07901604652486238,-0.07799060900498578,0.0010254375198766041,13.199785018582766,220,194800.159501401,True,True,True
Portfolio,config_weights,0.15,0.2,0.0,0.1,Portfolio config_weights qqq=0.15/0.20 spy=0.00/0.10,0.038791362946228425,0.03722320205127683,0.001568160894951598,0.8692790127340393,0.8669915126964272,0.0022875000376121335,-0.07901604652486238,-0.07799060900498578,0.0010254375198766041,13.199785018582766,220,194800.159501401,True,True,True
Portfolio,config_weights,0.15,0.2,0.0,0.12,Portfolio config_weights qqq=0.15/0.20 spy=0.00/0.12,0.038791362946228425,0.03722320205127683,0.001568160894951598,0.8692790127340393,0.8669915126964272,0.0022875000376121335,-0.07901604652486238,-0.07799060900498578,0.0010254375198766041,13.199785018582766,220,194800.159501401,True,True,True
Portfolio,config_weights,0.15,0.2,0.0,0.15,Portfolio config_weights qqq=0.15/0.20 spy=0.00/0.15,0.038791362946228425,0.03722320205127683,0.001568160894951598,0.8692790127340393,0.8669915126964272,0.0022875000376121335,-0.07901604652486238,-0.07799060900498578,0.0010254375198766041,13.199785018582766,220,194800.159501401,True,True,True
Portfolio,config_weights,0.0,0.1,0.05,0.12,Portfolio config_weights qqq=0.00/0.10 spy=0.05/0.12,0.038791362946228425,0.03841347009178575,0.00037789285444267406,0.8692790127340393,0.8687542531311038,0.0005247596029355206,-0.07901604652486238,-0.07800915498720318,0.0010068915376592047,14.419241428066671,220,198919.3256625229,True,True,True
Portfolio,config_weights,0.0,0.12,0.05,0.12,Portfolio config_weights qqq=0.00/0.12 spy=0.05/0.12,0.038791362946228425,0.03841347009178575,0.00037789285444267406,0.8692790127340393,0.8687542531311038,0.0005247596029355206,-0.07901604652486238,-0.07800915498720318,0.0010068915376592047,14.419241428066671,220,198919.3256625229,True,True,True
Portfolio,config_weights,0.0,0.15,0.05,0.12,Portfolio config_weights qqq=0.00/0.15 spy=0.05/0.12,0.038791362946228425,0.03841347009178575,0.00037789285444267406,0.8692790127340393,0.8687542531311038,0.0005247596029355206,-0.07901604652486238,-0.07800915498720318,0.0010068915376592047,14.419241428066671,220,198919.3256625229,True,True,True
Portfolio,config_weights,0.0,0.2,0.05,0.12,Portfolio config_weights qqq=0.00/0.20 spy=0.05/0.12,0.038791362946228425,0.03841347009178575,0.00037789285444267406,0.8692790127340393,0.8687542531311038,0.0005247596029355206,-0.07901604652486238,-0.07800915498720318,0.0010068915376592047,14.419241428066671,220,198919.3256625229,True,True,True
Portfolio,config_weights,0.0,0.1,0.05,0.1,Portfolio config_weights qqq=0.00/0.10 spy=0.05/0.10,0.038791362946228425,0.03839793663604807,0.0003934263101803559,0.8692790127340393,0.8684763440059144,0.0008026687281248446,-0.07901604652486238,-0.07803995597624536,0.0009760905486170257,14.406650853924805,219,198865.0427054801,True,True,True
Portfolio,config_weights,0.0,0.12,0.05,0.1,Portfolio config_weights qqq=0.00/0.12 spy=0.05/0.10,0.038791362946228425,0.03839793663604807,0.0003934263101803559,0.8692790127340393,0.8684763440059144,0.0008026687281248446,-0.07901604652486238,-0.07803995597624536,0.0009760905486170257,14.406650853924805,219,198865.0427054801,True,True,True
Portfolio,config_weights,0.0,0.15,0.05,0.1,Portfolio config_weights qqq=0.00/0.15 spy=0.05/0.10,0.038791362946228425,0.03839793663604807,0.0003934263101803559,0.8692790127340393,0.8684763440059144,0.0008026687281248446,-0.07901604652486238,-0.07803995597624536,0.0009760905486170257,14.406650853924805,219,198865.0427054801,True,True,True
Portfolio,config_weights,0.0,0.2,0.05,0.1,Portfolio config_weights qqq=0.00/0.20 spy=0.05/0.10,0.038791362946228425,0.03839793663604807,0.0003934263101803559,0.8692790127340393,0.8684763440059144,0.0008026687281248446,-0.07901604652486238,-0.07803995597624536,0.0009760905486170257,14.406650853924805,219,198865.0427054801,True,True,True
Portfolio,config_weights,0.0,0.1,0.05,0.08,Portfolio config_weights qqq=0.00/0.10 spy=0.05/0.08,0.038791362946228425,0.03837836366051817,0.00041299928571025823,0.8692790127340393,0.8681014353210761,0.0011775774129632044,-0.07901604652486238,-0.07807180289041171,0.0009442436344506699,14.394311158824182,218,198796.66324578258,True,True,True
Portfolio,config_weights,0.0,0.12,0.05,0.08,Portfolio config_weights qqq=0.00/0.12 spy=0.05/0.08,0.038791362946228425,0.03837836366051817,0.00041299928571025823,0.8692790127340393,0.8681014353210761,0.0011775774129632044,-0.07901604652486238,-0.07807180289041171,0.0009442436344506699,14.394311158824182,218,198796.66324578258,True,True,True
Portfolio,config_weights,0.0,0.15,0.05,0.08,Portfolio config_weights qqq=0.00/0.15 spy=0.05/0.08,0.038791362946228425,0.03837836366051817,0.00041299928571025823,0.8692790127340393,0.8681014353210761,0.0011775774129632044,-0.07901604652486238,-0.07807180289041171,0.0009442436344506699,14.394311158824182,218,198796.66324578258,True,True,True
Portfolio,config_weights,0.0,0.2,0.05,0.08,Portfolio config_weights qqq=0.00/0.20 spy=0.05/0.08,0.038791362946228425,0.03837836366051817,0.00041299928571025823,0.8692790127340393,0.8681014353210761,0.0011775774129632044,-0.07901604652486238,-0.07807180289041171,0.0009442436344506699,14.394311158824182,218,198796.66324578258,True,True,True
Portfolio,config_weights,0.1,0.2,0.0,0.08,Portfolio config_weights qqq=0.10/0.20 spy=0.00/0.08,0.038791362946228425,0.03774749343835704,0.0010438695078713867,0.8692790127340393,0.8684254039696772,0.0008536087643621348,-0.07901604652486238,-0.07815259602135094,0.0008634505035114426,13.727992297287576,220,196604.54151622343,True,True,True
Portfolio,config_weights,0.1,0.2,0.0,0.1,Portfolio config_weights qqq=0.10/0.20 spy=0.00/0.10,0.038791362946228425,0.03774749343835704,0.0010438695078713867,0.8692790127340393,0.8684254039696772,0.0008536087643621348,-0.07901604652486238,-0.07815259602135094,0.0008634505035114426,13.727992297287576,220,196604.54151622343,True,True,True
Portfolio,config_weights,0.1,0.2,0.0,0.12,Portfolio config_weights qqq=0.10/0.20 spy=0.00/0.12,0.038791362946228425,0.03774749343835704,0.0010438695078713867,0.8692790127340393,0.8684254039696772,0.0008536087643621348,-0.07901604652486238,-0.07815259602135094,0.0008634505035114426,13.727992297287576,220,196604.54151622343,True,True,True
Portfolio,config_weights,0.1,0.2,0.0,0.15,Portfolio config_weights qqq=0.10/0.20 spy=0.00/0.15,0.038791362946228425,0.03774749343835704,0.0010438695078713867,0.8692790127340393,0.8684254039696772,0.0008536087643621348,-0.07901604652486238,-0.07815259602135094,0.0008634505035114426,13.727992297287576,220,196604.54151622343,True,True,True
Portfolio,equal_weight_full_capital,0.05,0.2,0.0,0.08,Portfolio equal_weight_full_capital qqq=0.05/0.20 spy=0.00/0.08,0.09000048081758605,0.08881093148245656,0.0011895493351294917,0.8692790127340394,0.8691715262326457,0.00010748650139369431,-0.17842778244744828,-0.17757635657359727,0.0008514258738510083,33.58681805317879,220,472279.67006155493,True,True,True
Portfolio,equal_weight_full_capital,0.05,0.2,0.0,0.1,Portfolio equal_weight_full_capital qqq=0.05/0.20 spy=0.00/0.10,0.09000048081758605,0.08881093148245656,0.0011895493351294917,0.8692790127340394,0.8691715262326457,0.00010748650139369431,-0.17842778244744828,-0.17757635657359727,0.0008514258738510083,33.58681805317879,220,472279.67006155493,True,True,True
Portfolio,equal_weight_full_capital,0.05,0.2,0.0,0.12,Portfolio equal_weight_full_capital qqq=0.05/0.20 spy=0.00/0.12,0.09000048081758605,0.08881093148245656,0.0011895493351294917,0.8692790127340394,0.8691715262326457,0.00010748650139369431,-0.17842778244744828,-0.17757635657359727,0.0008514258738510083,33.58681805317879,220,472279.67006155493,True,True,True
Portfolio,equal_weight_full_capital,0.05,0.2,0.0,0.15,Portfolio equal_weight_full_capital qqq=0.05/0.20 spy=0.00/0.15,0.09000048081758605,0.08881093148245656,0.0011895493351294917,0.8692790127340394,0.8691715262326457,0.00010748650139369431,-0.17842778244744828,-0.17757635657359727,0.0008514258738510083,33.58681805317879,220,472279.67006155493,True,True,True
Portfolio,config_weights,0.1,0.15,0.0,0.08,Portfolio config_weights qqq=0.10/0.15 spy=0.00/0.08,0.038791362946228425,0.037692979458998854,0.0010983834872295706,0.8692790127340393,0.8678175170465584,0.0014614956874808849,-0.07901604652486238,-0.07841945957897256,0.000596586945889821,13.698650590019973,220,196416.19490984402,True,True,True
Portfolio,config_weights,0.1,0.15,0.0,0.1,Portfolio config_weights qqq=0.10/0.15 spy=0.00/0.10,0.038791362946228425,0.037692979458998854,0.0010983834872295706,0.8692790127340393,0.8678175170465584,0.0014614956874808849,-0.07901604652486238,-0.07841945957897256,0.000596586945889821,13.698650590019973,220,196416.19490984402,True,True,True
Portfolio,config_weights,0.1,0.15,0.0,0.12,Portfolio config_weights qqq=0.10/0.15 spy=0.00/0.12,0.038791362946228425,0.037692979458998854,0.0010983834872295706,0.8692790127340393,0.8678175170465584,0.0014614956874808849,-0.07901604652486238,-0.07841945957897256,0.000596586945889821,13.698650590019973,220,196416.19490984402,True,True,True
Portfolio,config_weights,0.1,0.15,0.0,0.15,Portfolio config_weights qqq=0.10/0.15 spy=0.00/0.15,0.038791362946228425,0.037692979458998854,0.0010983834872295706,0.8692790127340393,0.8678175170465584,0.0014614956874808849,-0.07901604652486238,-0.07841945957897256,0.000596586945889821,13.698650590019973,220,196416.19490984402,True,True,True
Portfolio,config_weights,0.15,0.15,0.0,0.08,Portfolio config_weights qqq=0.15/0.15 spy=0.00/0.08,0.038791362946228425,0.037141169342083113,0.0016501936041453114,0.8692790127340393,0.8659420607468632,0.0033369519871760955,-0.07901604652486238,-0.07842067753737747,0.0005953689874849122,13.161508799287168,220,194519.25883812594,True,True,True
Portfolio,config_weights,0.15,0.15,0.0,0.1,Portfolio config_weights qqq=0.15/0.15 spy=0.00/0.10,0.038791362946228425,0.037141169342083113,0.0016501936041453114,0.8692790127340393,0.8659420607468632,0.0033369519871760955,-0.07901604652486238,-0.07842067753737747,0.0005953689874849122,13.161508799287168,220,194519.25883812594,True,True,True
Portfolio,config_weights,0.15,0.15,0.0,0.12,Portfolio config_weights qqq=0.15/0.15 spy=0.00/0.12,0.038791362946228425,0.037141169342083113,0.0016501936041453114,0.8692790127340393,0.8659420607468632,0.0033369519871760955,-0.07901604652486238,-0.07842067753737747,0.0005953689874849122,13.161508799287168,220,194519.25883812594,True,True,True
Portfolio,config_weights,0.15,0.15,0.0,0.15,Portfolio config_weights qqq=0.15/0.15 spy=0.00/0.15,0.038791362946228425,0.037141169342083113,0.0016501936041453114,0.8692790127340393,0.8659420607468632,0.0033369519871760955,-0.07901604652486238,-0.07842067753737747,0.0005953689874849122,13.161508799287168,220,194519.25883812594,True,True,True
Portfolio,equal_weight_full_capital,0.05,0.15,0.0,0.08,Portfolio equal_weight_full_capital qqq=0.05/0.15 spy=0.00/0.08,0.09000048081758605,0.08874673966193236,0.001253741155653687,0.8692790127340394,0.8689111259144365,0.0003678868196028695,-0.17842778244744828,-0.17786485106352312,0.0005629313839251582,33.542056217582704,220,471771.9194247542,True,True,True
Portfolio,equal_weight_full_capital,0.05,0.15,0.0,0.1,Portfolio equal_weight_full_capital qqq=0.05/0.15 spy=0.00/0.10,0.09000048081758605,0.08874673966193236,0.001253741155653687,0.8692790127340394,0.8689111259144365,0.0003678868196028695,-0.17842778244744828,-0.17786485106352312,0.0005629313839251582,33.542056217582704,220,471771.9194247542,True,True,True
Portfolio,equal_weight_full_capital,0.05,0.15,0.0,0.12,Portfolio equal_weight_full_capital qqq=0.05/0.15 spy=0.00/0.12,0.09000048081758605,0.08874673966193236,0.001253741155653687,0.8692790127340394,0.8689111259144365,0.0003678868196028695,-0.17842778244744828,-0.17786485106352312,0.0005629313839251582,33.542056217582704,220,471771.9194247542,True,True,True
Portfolio,equal_weight_full_capital,0.05,0.15,0.0,0.15,Portfolio equal_weight_full_capital qqq=0.05/0.15 spy=0.00/0.15,0.09000048081758605,0.08874673966193236,0.001253741155653687,0.8692790127340394,0.8689111259144365,0.0003678868196028695,-0.17842778244744828,-0.17786485106352312,0.0005629313839251582,33.542056217582704,220,471771.9194247542,True,True,True
Portfolio,config_weights,0.05,0.2,0.0,0.08,Portfolio config_weights qqq=0.05/0.20 spy=0.00/0.08,0.038791362946228425,0.03827021453010859,0.0005211484161198321,0.8692790127340393,0.8691715262326456,0.00010748650139369431,-0.07901604652486238,-0.07858146390739362,0.0004345826174687595,14.274397672600983,220,198419.23770880327,True,True,True
Portfolio,config_weights,0.05,0.2,0.0,0.1,Portfolio config_weights qqq=0.05/0.20 spy=0.00/0.10,0.038791362946228425,0.03827021453010859,0.0005211484161198321,0.8692790127340393,0.8691715262326456,0.00010748650139369431,-0.07901604652486238,-0.07858146390739362,0.0004345826174687595,14.274397672600983,220,198419.23770880327,True,True,True
Portfolio,config_weights,0.05,0.2,0.0,0.12,Portfolio config_weights qqq=0.05/0.20 spy=0.00/0.12,0.038791362946228425,0.03827021453010859,0.0005211484161198321,0.8692790127340393,0.8691715262326456,0.00010748650139369431,-0.07901604652486238,-0.07858146390739362,0.0004345826174687595,14.274397672600983,220,198419.23770880327,True,True,True
Portfolio,config_weights,0.05,0.2,0.0,0.15,Portfolio config_weights qqq=0.05/0.20 spy=0.00/0.15,0.038791362946228425,0.03827021453010859,0.0005211484161198321,0.8692790127340393,0.8691715262326456,0.00010748650139369431,-0.07901604652486238,-0.07858146390739362,0.0004345826174687595,14.274397672600983,220,198419.23770880327,True,True,True
Portfolio,config_weights,0.1,0.12,0.0,0.08,Portfolio config_weights qqq=0.10/0.12 spy=0.00/0.08,0.038791362946228425,0.037660113275844065,0.00113124967038436,0.8692790127340393,0.8674592993438474,0.001819713390191935,-0.07901604652486238,-0.07859553445843315,0.000420512066429235,13.678796334560825,220,196302.72417952627,True,True,True
Portfolio,config_weights,0.1,0.12,0.0,0.1,Portfolio config_weights qqq=0.10/0.12 spy=0.00/0.10,0.038791362946228425,0.037660113275844065,0.00113124967038436,0.8692790127340393,0.8674592993438474,0.001819713390191935,-0.07901604652486238,-0.07859553445843315,0.000420512066429235,13.678796334560825,220,196302.72417952627,True,True,True
Portfolio,config_weights,0.1,0.12,0.0,0.12,Portfolio config_weights qqq=0.10/0.12 spy=0.00/0.12,0.038791362946228425,0.037660113275844065,0.00113124967038436,0.8692790127340393,0.8674592993438474,0.001819713390191935,-0.07901604652486238,-0.07859553445843315,0.000420512066429235,13.678796334560825,220,196302.72417952627,True,True,True
Portfolio,config_weights,0.1,0.12,0.0,0.15,Portfolio config_weights qqq=0.10/0.12 spy=0.00/0.15,0.038791362946228425,0.037660113275844065,0.00113124967038436,0.8692790127340393,0.8674592993438474,0.001819713390191935,-0.07901604652486238,-0.07859553445843315,0.000420512066429235,13.678796334560825,220,196302.72417952627,True,True,True
Portfolio,equal_weight_full_capital,0.05,0.12,0.0,0.08,Portfolio equal_weight_full_capital qqq=0.05/0.12 spy=0.00/0.08,0.09000048081758605,0.08870814821724249,0.0012923326003435598,0.8692790127340394,0.8687645134181925,0.0005144993158469058,-0.17842778244744828,-0.1780553437582938,0.0003724386891544862,33.51050702041249,220,471466.9134886907,True,True,True
Portfolio,equal_weight_full_capital,0.05,0.12,0.0,0.1,Portfolio equal_weight_full_capital qqq=0.05/0.12 spy=0.00/0.10,0.09000048081758605,0.08870814821724249,0.0012923326003435598,0.8692790127340394,0.8687645134181925,0.0005144993158469058,-0.17842778244744828,-0.1780553437582938,0.0003724386891544862,33.51050702041249,220,471466.9134886907,True,True,True
Portfolio,equal_weight_full_capital,0.05,0.12,0.0,0.12,Portfolio equal_weight_full_capital qqq=0.05/0.12 spy=0.00/0.12,0.09000048081758605,0.08870814821724249,0.0012923326003435598,0.8692790127340394,0.8687645134181925,0.0005144993158469058,-0.17842778244744828,-0.1780553437582938,0.0003724386891544862,33.51050702041249,220,471466.9134886907,True,True,True
Portfolio,equal_weight_full_capital,0.05,0.12,0.0,0.15,Portfolio equal_weight_full_capital qqq=0.05/0.12 spy=0.00/0.15,0.09000048081758605,0.08870814821724249,0.0012923326003435598,0.8692790127340394,0.8687645134181925,0.0005144993158469058,-0.17842778244744828,-0.1780553437582938,0.0003724386891544862,33.51050702041249,220,471466.9134886907,True,True,True
Portfolio,config_weights,0.15,0.12,0.0,0.08,Portfolio config_weights qqq=0.15/0.12 spy=0.00/0.08,0.038791362946228425,0.037091669816532225,0.0016996931296962003,0.8692790127340393,0.8653019988840587,0.003977013849980615,-0.07901604652486238,-0.07869519765539557,0.00032084886946681657,13.136397992946737,220,194349.94524815085,True,True,True
Portfolio,config_weights,0.15,0.12,0.0,0.1,Portfolio config_weights qqq=0.15/0.12 spy=0.00/0.10,0.038791362946228425,0.037091669816532225,0.0016996931296962003,0.8692790127340393,0.8653019988840587,0.003977013849980615,-0.07901604652486238,-0.07869519765539557,0.00032084886946681657,13.136397992946737,220,194349.94524815085,True,True,True
Portfolio,config_weights,0.15,0.12,0.0,0.12,Portfolio config_weights qqq=0.15/0.12 spy=0.00/0.12,0.038791362946228425,0.037091669816532225,0.0016996931296962003,0.8692790127340393,0.8653019988840587,0.003977013849980615,-0.07901604652486238,-0.07869519765539557,0.00032084886946681657,13.136397992946737,220,194349.94524815085,True,True,True
Portfolio,config_weights,0.15,0.12,0.0,0.15,Portfolio config_weights qqq=0.15/0.12 spy=0.00/0.15,0.038791362946228425,0.037091669816532225,0.0016996931296962003,0.8692790127340393,0.8653019988840587,0.003977013849980615,-0.07901604652486238,-0.07869519765539557,0.00032084886946681657,13.136397992946737,220,194349.94524815085,True,True,True
Portfolio,config_weights,0.1,0.1,0.0,0.08,Portfolio config_weights qqq=0.10/0.10 spy=0.00/0.08,0.038791362946228425,0.0376391050416196,0.0011522579046088222,0.8692790127340393,0.8672202142148612,0.0020587985191781177,-0.07901604652486238,-0.07871362110648927,0.000302425418373109,13.667342155338075,220,196230.22556534747,True,True,True
Portfolio,config_weights,0.1,0.1,0.0,0.1,Portfolio config_weights qqq=0.10/0.10 spy=0.00/0.10,0.038791362946228425,0.0376391050416196,0.0011522579046088222,0.8692790127340393,0.8672202142148612,0.0020587985191781177,-0.07901604652486238,-0.07871362110648927,0.000302425418373109,13.667342155338075,220,196230.22556534747,True,True,True
Portfolio,config_weights,0.1,0.1,0.0,0.12,Portfolio config_weights qqq=0.10/0.10 spy=0.00/0.12,0.038791362946228425,0.0376391050416196,0.0011522579046088222,0.8692790127340393,0.8672202142148612,0.0020587985191781177,-0.07901604652486238,-0.07871362110648927,0.000302425418373109,13.667342155338075,220,196230.22556534747,True,True,True
Portfolio,config_weights,0.1,0.1,0.0,0.15,Portfolio config_weights qqq=0.10/0.10 spy=0.00/0.15,0.038791362946228425,0.0376391050416196,0.0011522579046088222,0.8692790127340393,0.8672202142148612,0.0020587985191781177,-0.07901604652486238,-0.07871362110648927,0.000302425418373109,13.667342155338075,220,196230.22556534747,True,True,True
Portfolio,config_weights,0.05,0.15,0.0,0.08,Portfolio config_weights qqq=0.05/0.15 spy=0.00/0.08,0.038791362946228425,0.03824304492628916,0.0005483180199392645,0.8692790127340393,0.8689111259144363,0.00036788681960298053,-0.07901604652486238,-0.07871466402545779,0.00030138249940458994,14.25537389247265,220,198324.52604594143,True,True,True
Portfolio,config_weights,0.05,0.15,0.0,0.1,Portfolio config_weights qqq=0.05/0.15 spy=0.00/0.10,0.038791362946228425,0.03824304492628916,0.0005483180199392645,0.8692790127340393,0.8689111259144363,0.00036788681960298053,-0.07901604652486238,-0.07871466402545779,0.00030138249940458994,14.25537389247265,220,198324.52604594143,True,True,True
Portfolio,config_weights,0.05,0.15,0.0,0.12,Portfolio config_weights qqq=0.05/0.15 spy=0.00/0.12,0.038791362946228425,0.03824304492628916,0.0005483180199392645,0.8692790127340393,0.8689111259144363,0.00036788681960298053,-0.07901604652486238,-0.07871466402545779,0.00030138249940458994,14.25537389247265,220,198324.52604594143,True,True,True
Portfolio,config_weights,0.05,0.15,0.0,0.15,Portfolio config_weights qqq=0.05/0.15 spy=0.00/0.15,0.038791362946228425,0.03824304492628916,0.0005483180199392645,0.8692790127340393,0.8689111259144363,0.00036788681960298053,-0.07901604652486238,-0.07871466402545779,0.00030138249940458994,14.25537389247265,220,198324.52604594143,True,True,True
Portfolio,equal_weight_full_capital,0.05,0.1,0.0,0.08,Portfolio equal_weight_full_capital qqq=0.05/0.10 spy=0.00/0.08,0.09000048081758605,0.0886834961179157,0.0013169846996703427,0.8692790127340394,0.8686699985601801,0.0006090141738592791,-0.17842778244744828,-0.17818319701639118,0.0002445854310570983,33.48737845450671,220,471272.17417791096,True,True,True
Portfolio,equal_weight_full_capital,0.05,0.1,0.0,0.1,Portfolio equal_weight_full_capital qqq=0.05/0.10 spy=0.00/0.10,0.09000048081758605,0.0886834961179157,0.0013169846996703427,0.8692790127340394,0.8686699985601801,0.0006090141738592791,-0.17842778244744828,-0.17818319701639118,0.0002445854310570983,33.48737845450671,220,471272.17417791096,True,True,True
Portfolio,equal_weight_full_capital,0.05,0.1,0.0,0.12,Portfolio equal_weight_full_capital qqq=0.05/0.10 spy=0.00/0.12,0.09000048081758605,0.0886834961179157,0.0013169846996703427,0.8692790127340394,0.8686699985601801,0.0006090141738592791,-0.17842778244744828,-0.17818319701639118,0.0002445854310570983,33.48737845450671,220,471272.17417791096,True,True,True
Portfolio,equal_weight_full_capital,0.05,0.1,0.0,0.15,Portfolio equal_weight_full_capital qqq=0.05/0.10 spy=0.00/0.15,0.09000048081758605,0.0886834961179157,0.0013169846996703427,0.8692790127340394,0.8686699985601801,0.0006090141738592791,-0.17842778244744828,-0.17818319701639118,0.0002445854310570983,33.48737845450671,220,471272.17417791096,True,True,True
Portfolio,config_weights,0.05,0.12,0.0,0.08,Portfolio config_weights qqq=0.05/0.12 spy=0.00/0.08,0.038791362946228425,0.03822667869861407,0.0005646842476143554,0.8692790127340393,0.8687645134181926,0.0005144993158466837,-0.07901604652486238,-0.07880258174056232,0.00021346478430006588,14.241965483675308,220,198267.494949841,True,True,True
Portfolio,config_weights,0.05,0.12,0.0,0.1,Portfolio config_weights qqq=0.05/0.12 spy=0.00/0.10,0.038791362946228425,0.03822667869861407,0.0005646842476143554,0.8692790127340393,0.8687645134181926,0.0005144993158466837,-0.07901604652486238,-0.07880258174056232,0.00021346478430006588,14.241965483675308,220,198267.494949841,True,True,True
Portfolio,config_weights,0.05,0.12,0.0,0.12,Portfolio config_weights qqq=0.05/0.12 spy=0.00/0.12,0.038791362946228425,0.03822667869861407,0.0005646842476143554,0.8692790127340393,0.8687645134181926,0.0005144993158466837,-0.07901604652486238,-0.07880258174056232,0.00021346478430006588,14.241965483675308,220,198267.494949841,True,True,True
Portfolio,config_weights,0.05,0.12,0.0,0.15,Portfolio config_weights qqq=0.05/0.12 spy=0.00/0.15,0.038791362946228425,0.03822667869861407,0.0005646842476143554,0.8692790127340393,0.8687645134181926,0.0005144993158466837,-0.07901604652486238,-0.07880258174056232,0.00021346478430006588,14.241965483675308,220,198267.494949841,True,True,True
Portfolio,config_weights,0.05,0.1,0.0,0.08,Portfolio config_weights qqq=0.05/0.10 spy=0.00/0.08,0.038791362946228425,0.038216226661396346,0.0005751362848320785,0.8692790127340393,0.8686699985601801,0.0006090141738591681,-0.07901604652486238,-0.07886155695904729,0.00015448956581509687,14.232135843165352,220,198231.0810370405,True,True,True
Portfolio,config_weights,0.05,0.1,0.0,0.1,Portfolio config_weights qqq=0.05/0.10 spy=0.00/0.10,0.038791362946228425,0.038216226661396346,0.0005751362848320785,0.8692790127340393,0.8686699985601801,0.0006090141738591681,-0.07901604652486238,-0.07886155695904729,0.00015448956581509687,14.232135843165352,220,198231.0810370405,True,True,True
Portfolio,config_weights,0.05,0.1,0.0,0.12,Portfolio config_weights qqq=0.05/0.10 spy=0.00/0.12,0.038791362946228425,0.038216226661396346,0.0005751362848320785,0.8692790127340393,0.8686699985601801,0.0006090141738591681,-0.07901604652486238,-0.07886155695904729,0.00015448956581509687,14.232135843165352,220,198231.0810370405,True,True,True
Portfolio,config_weights,0.05,0.1,0.0,0.15,Portfolio config_weights qqq=0.05/0.10 spy=0.00/0.15,0.038791362946228425,0.038216226661396346,0.0005751362848320785,0.8692790127340393,0.8686699985601801,0.0006090141738591681,-0.07901604652486238,-0.07886155695904729,0.00015448956581509687,14.232135843165352,220,198231.0810370405,True,True,True
Portfolio,config_weights,0.15,0.1,0.0,0.08,Portfolio config_weights qqq=0.15/0.10 spy=0.00/0.08,0.038791362946228425,0.03706000150291966,0.0017313614433087654,0.8692790127340393,0.8648643247271477,0.004414688006891598,-0.07901604652486238,-0.07887774055286123,0.00013830597200115147,13.119964084031585,220,194241.69656194985,True,True,True
Portfolio,config_weights,0.15,0.1,0.0,0.1,Portfolio config_weights qqq=0.15/0.10 spy=0.00/0.10,0.038791362946228425,0.03706000150291966,0.0017313614433087654,0.8692790127340393,0.8648643247271477,0.004414688006891598,-0.07901604652486238,-0.07887774055286123,0.00013830597200115147,13.119964084031585,220,194241.69656194985,True,True,True
Portfolio,config_weights,0.15,0.1,0.0,0.12,Portfolio config_weights qqq=0.15/0.10 spy=0.00/0.12,0.038791362946228425,0.03706000150291966,0.0017313614433087654,0.8692790127340393,0.8648643247271477,0.004414688006891598,-0.07901604652486238,-0.07887774055286123,0.00013830597200115147,13.119964084031585,220,194241.69656194985,True,True,True
Portfolio,config_weights,0.15,0.1,0.0,0.15,Portfolio config_weights qqq=0.15/0.10 spy=0.00/0.15,0.038791362946228425,0.03706000150291966,0.0017313614433087654,0.8692790127340393,0.8648643247271477,0.004414688006891598,-0.07901604652486238,-0.07887774055286123,0.00013830597200115147,13.119964084031585,220,194241.69656194985,True,True,True
